{
    "name": "root",
    "metadata": {
        "timer_format_version": "0.1.0",
        "start_time_seconds": "1669414304",
        "python_version": "3.7.7 (default, May  6 2020, 11:45:54) [MSC v.1916 64 bit (AMD64)]",
        "command_line_arguments": "C:\\Users\\meado\\anaconda3\\envs\\foosbot_env\\Scripts\\mlagents-learn config/foosball_config.yaml --run-id selfPlay_1_9",
        "mlagents_version": "0.28.0",
        "mlagents_envs_version": "0.28.0",
        "communication_protocol_version": "1.5.0",
        "pytorch_version": "1.7.1+cu110",
        "numpy_version": "1.21.5",
        "end_time_seconds": "1669414441"
    },
    "total": 136.91319000000001,
    "count": 1,
    "self": 0.007465699999983144,
    "children": {
        "run_training.setup": {
            "total": 0.22525640000000013,
            "count": 1,
            "self": 0.22525640000000013
        },
        "TrainerController.start_learning": {
            "total": 136.68046790000002,
            "count": 1,
            "self": 0.21779960000111487,
            "children": {
                "TrainerController._reset_env": {
                    "total": 13.917601300000001,
                    "count": 1,
                    "self": 13.917601300000001
                },
                "TrainerController.advance": {
                    "total": 122.4642309999989,
                    "count": 10635,
                    "self": 0.22723379999979443,
                    "children": {
                        "env_step": {
                            "total": 121.15709159999868,
                            "count": 10635,
                            "self": 72.36220339999846,
                            "children": {
                                "SubprocessEnvManager._take_step": {
                                    "total": 48.65635010000051,
                                    "count": 10635,
                                    "self": 1.261039199999658,
                                    "children": {
                                        "TorchPolicy.evaluate": {
                                            "total": 47.39531090000085,
                                            "count": 21260,
                                            "self": 27.486554300002133,
                                            "children": {
                                                "TorchPolicy.sample_actions": {
                                                    "total": 19.908756599998718,
                                                    "count": 21260,
                                                    "self": 19.908756599998718
                                                }
                                            }
                                        }
                                    }
                                },
                                "workers": {
                                    "total": 0.13853809999970323,
                                    "count": 10634,
                                    "self": 0.0,
                                    "children": {
                                        "worker_root": {
                                            "total": 123.67415139999959,
                                            "count": 10634,
                                            "is_parallel": true,
                                            "self": 63.47411870000076,
                                            "children": {
                                                "steps_from_proto": {
                                                    "total": 0.0004083000000001391,
                                                    "count": 2,
                                                    "is_parallel": true,
                                                    "self": 0.00019959999999841216,
                                                    "children": {
                                                        "_process_rank_one_or_two_observation": {
                                                            "total": 0.00020870000000172695,
                                                            "count": 4,
                                                            "is_parallel": true,
                                                            "self": 0.00020870000000172695
                                                        }
                                                    }
                                                },
                                                "UnityEnvironment.step": {
                                                    "total": 60.19962439999883,
                                                    "count": 10634,
                                                    "is_parallel": true,
                                                    "self": 1.1595788000005456,
                                                    "children": {
                                                        "UnityEnvironment._generate_step_input": {
                                                            "total": 1.0571028999997694,
                                                            "count": 10634,
                                                            "is_parallel": true,
                                                            "self": 1.0571028999997694
                                                        },
                                                        "communicator.exchange": {
                                                            "total": 54.18004079999934,
                                                            "count": 10634,
                                                            "is_parallel": true,
                                                            "self": 54.18004079999934
                                                        },
                                                        "steps_from_proto": {
                                                            "total": 3.8029018999991777,
                                                            "count": 21268,
                                                            "is_parallel": true,
                                                            "self": 2.2563871999994287,
                                                            "children": {
                                                                "_process_rank_one_or_two_observation": {
                                                                    "total": 1.546514699999749,
                                                                    "count": 42536,
                                                                    "is_parallel": true,
                                                                    "self": 1.546514699999749
                                                                }
                                                            }
                                                        }
                                                    }
                                                }
                                            }
                                        }
                                    }
                                }
                            }
                        },
                        "trainer_advance": {
                            "total": 1.07990560000043,
                            "count": 10634,
                            "self": 0.5890293000006608,
                            "children": {
                                "process_trajectory": {
                                    "total": 0.4908762999997691,
                                    "count": 10634,