{
    "name": "root",
    "gauges": {
        "Foosbots_MultiRod_5.Policy.Entropy.mean": {
            "value": 1.4231748580932617,
            "min": 1.4189382791519165,
            "max": 1.4231748580932617,
            "count": 5
        },
        "Foosbots_MultiRod_5.Policy.Entropy.sum": {
            "value": 14231.7490234375,
            "min": 14189.3828125,
            "max": 14413.5751953125,
            "count": 5
        },
        "Foosbots_MultiRod_5.Environment.EpisodeLength.mean": {
            "value": 1038.5,
            "min": 1038.5,
            "max": 1038.5,
            "count": 1
        },
        "Foosbots_MultiRod_5.Environment.EpisodeLength.sum": {
            "value": 2077.0,
            "min": 2077.0,
            "max": 2077.0,
            "count": 1
        },
        "Foosbots_MultiRod_5.Self-play.ELO.mean": {
            "value": 1200.0014984986287,
            "min": 1200.0014984986287,
            "max": 1200.0014984986287,
            "count": 1
        },
        "Foosbots_MultiRod_5.Self-play.ELO.sum": {
            "value": 2400.0029969972575,
            "min": 2400.0029969972575,
            "max": 2400.0029969972575,
            "count": 1
        },
        "Foosbots_MultiRod_5.Step.mean": {
            "value": 49079.0,
            "min": 9079.0,
            "max": 49079.0,
            "count": 5
        },
        "Foosbots_MultiRod_5.Step.sum": {
            "value": 49079.0,
            "min": 9079.0,
            "max": 49079.0,
            "count": 5
        },
        "Foosbots_MultiRod_5.Policy.ExtrinsicValueEstimate.mean": {
            "value": 19.625835418701172,
            "min": 19.06574821472168,
            "max": 21.912494659423828,
            "count": 5
        },
        "Foosbots_MultiRod_5.Policy.ExtrinsicValueEstimate.sum": {
            "value": 196.2583465576172,
            "min": 190.65748596191406,
            "max": 219.12493896484375,
            "count": 5
        },
        "Foosbots_MultiRod_5.Environment.CumulativeReward.mean": {
            "value": 1.0,
            "min": 1.0,
            "max": 1.0,
            "count": 1
        },
        "Foosbots_MultiRod_5.Environment.CumulativeReward.sum": {
            "value": 2.0,
            "min": 2.0,
            "max": 2.0,
            "count": 1
        },
        "Foosbots_MultiRod_5.Policy.ExtrinsicReward.mean": {
            "value": 1.0,
            "min": 1.0,
            "max": 1.0,
            "count": 1
        },
        "Foosbots_MultiRod_5.Policy.ExtrinsicReward.sum": {
            "value": 2.0,
            "min": 2.0,
            "max": 2.0,
            "count": 1
        },
        "Foosbots_MultiRod_5.IsTraining.mean": {
            "value": 1.0,
            "min": 1.0,
            "max": 1.0,
            "count": 5
        },
        "Foosbots_MultiRod_5.IsTraining.sum": {
            "value": 1.0,
            "min": 1.0,
            "max": 1.0,
            "count": 5
        },
        "Foosbots_MultiRod_5.Losses.PolicyLoss.mean": {
            "value": 0.019762727447474995,
            "min": 0.019762727447474995,
            "max": 0.0398652874554197,
            "count": 2
        },
        "Foosbots_MultiRod_5.Losses.PolicyLoss.sum": {
            "value": 0.019762727447474995,
            "min": 0.019762727447474995,
            "max": 0.0398652874554197,
            "count": 2
        },
        "Foosbots_MultiRod_5.Losses.ValueLoss.mean": {
            "value": 2.866335190832615,
            "min": 2.866335190832615,
            "max": 6.847341128190359,
            "count": 2
        },
        "Foosbots_MultiRod_5.Losses.ValueLoss.sum": {
            "value": 2.866335190832615,
            "min": 2.866335190832615,
            "max": 6.847341128190359,
            "count": 2
        },
        "Foosbots_MultiRod_5.Policy.LearningRate.mean": {
            "value": 0.0003,
            "min": 0.0003,
            "max": 0.0003,
            "count": 2
        },
        "Foosbots_MultiRod_5.Policy.LearningRate.sum": {
            "value": 0.0003,
            "min": 0.0003,
            "max": 0.0003,
            "count": 2
        },
        "Foosbots_MultiRod_5.Policy.Epsilon.mean": {
            "value": 0.19158420000000007,
            "min": 0.19158420000000007,
            "max": 0.19578420000000005,
            "count": 2
        },
        "Foosbots_MultiRod_5.Policy.Epsilon.sum": {
            "value": 0.19158420000000007,
            "min": 0.19158420000000007,
            "max": 0.19578420000000005,
            "count": 2
        },
        "Foosbots_MultiRod_5.Policy.Beta.mean": {
            "value": 0.005000000000000001,
            "min": 0.005000000000000001,
            "max": 0.005000000000000001,
            "count": 2
        },
        "Foosbots_MultiRod_5.Policy.Beta.sum": {
            "value": 0.005000000000000001,
            "min": 0.005000000000000001,
            "max": 0.005000000000000001,
            "count": 2
        }
    },
    "metadata": {
        "timer_format_version": "0.1.0",
        "start_time_seconds": "1669413691",
        "python_version": "3.7.7 (default, May  6 2020, 11:45:54) [MSC v.1916 64 bit (AMD64)]",
        "command_line_arguments": "C:\\Users\\meado\\anaconda3\\envs\\foosbot_env\\Scripts\\mlagents-learn config/foosball_config.yaml --run-id selfPlay_1_6",
        "mlagents_version": "0.28.0",
        "mlagents_envs_version": "0.28.0",
        "communication_protocol_version": "1.5.0",
        "pytorch_version": "1.7.1+cu110",
        "numpy_version": "1.21.5",
        "end_time_seconds": "1669413968"
    },
    "total": 276.6431537,
    "count": 1,
    "self": 0.007534600000042246,
    "children": {
        "run_training.setup": {
            "total": 0.24443249999999983,
            "count": 1,
            "self": 0.24443249999999983
        },
        "TrainerController.start_learning": {
            "total": 276.39118659999997,
            "count": 1,
            "self": 0.5594765999987885,
            "children": {
                "TrainerController._reset_env": {
                    "total": 9.0171992,
                    "count": 1,
                    "self": 9.0171992
                },
                "TrainerController.advance": {
                    "total": 266.7121054000012,
                    "count": 26376,
                    "self": 0.5863221000029739,
                    "children": {
                        "env_step": {
                            "total": 255.29022939999953,
                            "count": 26376,
                            "self": 172.30303000000222,
                            "children": {
                                "SubprocessEnvManager._take_step": {
                                    "total": 82.63683889999982,
                                    "count": 26376,
                                    "self": 1.7352077999993583,
                                    "children": {
                                        "TorchPolicy.evaluate": {
                                            "total": 80.90163110000046,
                                            "count": 26374,
                                            "self": 54.009936800001825,
                                            "children": {
                                                "TorchPolicy.sample_actions": {
                                                    "total": 26.891694299998633,
                                                    "count": 26374,
                                                    "self": 26.891694299998633
                                                }
                                            }
                                        }
                                    }
                                },
                                "workers": {
                                    "total": 0.35036049999748897,
                                    "count": 26375,