{
    "name": "root",
    "gauges": {
        "Attack_Rod.Policy.Entropy.mean": {
            "value": 1.4176808595657349,
            "min": 1.4139935970306396,
            "max": 1.4232193231582642,
            "count": 50
        },
        "Attack_Rod.Policy.Entropy.sum": {
            "value": 13867.75390625,
            "min": 13009.0869140625,
            "max": 15032.04296875,
            "count": 50
        },
        "Attack_Rod.Environment.EpisodeLength.mean": {
            "value": 651.1333333333333,
            "min": 470.11764705882354,
            "max": 2018.0,
            "count": 50
        },
        "Attack_Rod.Environment.EpisodeLength.sum": {
            "value": 9767.0,
            "min": 7576.0,
            "max": 12404.0,
            "count": 50
        },
        "Attack_Rod.Step.mean": {
            "value": 499508.0,
            "min": 9300.0,
            "max": 499508.0,
            "count": 50
        },
        "Attack_Rod.Step.sum": {
            "value": 499508.0,
            "min": 9300.0,
            "max": 499508.0,
            "count": 50
        },
        "Attack_Rod.Policy.ExtrinsicValueEstimate.mean": {
            "value": -0.2666469216346741,
            "min": -12.39502239227295,
            "max": -0.16334262490272522,
            "count": 50
        },
        "Attack_Rod.Policy.ExtrinsicValueEstimate.sum": {
            "value": -5.59958553314209,
            "min": -212.44813537597656,
            "max": -2.286796808242798,
            "count": 50
        },
        "Attack_Rod.Environment.CumulativeReward.mean": {
            "value": -0.7377133266379435,
            "min": -0.8249045510522344,
            "max": 0.17367855512670108,
            "count": 50
        },
        "Attack_Rod.Environment.CumulativeReward.sum": {
            "value": -11.065699899569154,
            "min": -11.14779975079,
            "max": 1.2157498858869076,
            "count": 50
        },
        "Attack_Rod.Policy.ExtrinsicReward.mean": {
            "value": -0.7377133266379435,
            "min": -0.8249045510522344,
            "max": 0.17367855512670108,
            "count": 50
        },
        "Attack_Rod.Policy.ExtrinsicReward.sum": {
            "value": -11.065699899569154,
            "min": -11.14779975079,
            "max": 1.2157498858869076,
            "count": 50
        },
        "Attack_Rod.IsTraining.mean": {
            "value": 1.0,
            "min": 1.0,
            "max": 1.0,
            "count": 50
        },
        "Attack_Rod.IsTraining.sum": {
            "value": 1.0,
            "min": 1.0,
            "max": 1.0,
            "count": 50
        },
        "Attack_Rod.Losses.PolicyLoss.mean": {
            "value": 0.016005248591924707,
            "min": 0.013553646393120289,
            "max": 0.03930319353627662,
            "count": 23
        },
        "Attack_Rod.Losses.PolicyLoss.sum": {
            "value": 0.016005248591924707,
            "min": 0.013553646393120289,
            "max": 0.03930319353627662,
            "count": 23
        },
        "Attack_Rod.Losses.ValueLoss.mean": {
            "value": 0.002656706015113741,
            "min": 0.002656706015113741,
            "max": 4.757838092247645,
            "count": 23
        },
        "Attack_Rod.Losses.ValueLoss.sum": {
            "value": 0.002656706015113741,
            "min": 0.002656706015113741,
            "max": 4.757838092247645,
            "count": 23
        },
        "Attack_Rod.Policy.LearningRate.mean": {
            "value": 0.0003,
            "min": 0.0003,
            "max": 0.0003,
            "count": 23
        },
        "Attack_Rod.Policy.LearningRate.sum": {
            "value": 0.0003,
            "min": 0.0003,
            "max": 0.0003,
            "count": 23
        },
        "Attack_Rod.Policy.Epsilon.mean": {
            "value": 0.1041274,
            "min": 0.1041274,
            "max": 0.19578339999999994,
            "count": 23
        },
        "Attack_Rod.Policy.Epsilon.sum": {
            "value": 0.1041274,
            "min": 0.1041274,
            "max": 0.19578339999999994,
            "count": 23
        },
        "Attack_Rod.Policy.Beta.mean": {
            "value": 0.005000000000000001,
            "min": 0.005000000000000001,
            "max": 0.005000000000000001,
            "count": 23
        },
        "Attack_Rod.Policy.Beta.sum": {
            "value": 0.005000000000000001,
            "min": 0.005000000000000001,
            "max": 0.005000000000000001,
            "count": 23
        }
    },
    "metadata": {
        "timer_format_version": "0.1.0",
        "start_time_seconds": "1669650922",
        "python_version": "3.7.7 (default, May  6 2020, 11:45:54) [MSC v.1916 64 bit (AMD64)]",
        "command_line_arguments": "C:\\Users\\meado\\anaconda3\\envs\\foosbot_env\\Scripts\\mlagents-learn config/attack_config.yaml --run-id attack_7_5",
        "mlagents_version": "0.28.0",
        "mlagents_envs_version": "0.28.0",
        "communication_protocol_version": "1.5.0",
        "pytorch_version": "1.7.1+cu110",
        "numpy_version": "1.21.5",
        "end_time_seconds": "1669657059"
    },
    "total": 6136.9595004,
    "count": 1,
    "self": 0.009977400000025227,
    "children": {
        "run_training.setup": {
            "total": 0.25087210000000004,
            "count": 1,
            "self": 0.25087210000000004
        },
        "TrainerController.start_learning": {
            "total": 6136.6986509,
            "count": 1,
            "self": 10.136200500109226,
            "children": {
                "TrainerController._reset_env": {
                    "total": 8.9484301,
                    "count": 1,
                    "self": 8.9484301
                },
                "TrainerController.advance": {
                    "total": 6117.54917509989,
                    "count": 500457,
                    "self": 10.880019599998377,
                    "children": {
                        "env_step": {
                            "total": 5984.24758589998,
                            "count": 500457,
                            "self": 4791.112850899622,
                            "children": {
                                "SubprocessEnvManager._take_step": {
                                    "total": 1186.3878440000408,
                                    "count": 500457,
                                    "self": 31.744825600027525,
                                    "children": {
                                        "TorchPolicy.evaluate": {
                                            "total": 1154.6430184000133,
                                            "count": 500008,
                                            "self": 673.87250659999,
                                            "children": {
                                                "TorchPolicy.sample_actions": {
                                                    "total": 480.7705118000233,
                                                    "count": 500008,
                                                    "self": 480.7705118000233
                                                }
                                            }
                                        }
                                    }
                                },
                                "workers": {
                                    "total": 6.74689100031746,
                                    "count": 500457,
                                    "self": 0.0,
                                    "children": {
                                        "worker_root": {
                                            "total": 6113.792317399954,
                                            "count": 500457,
                                            "is_parallel": true,
                                            "self": 1804.4793892999032,