{
    "name": "root",
    "metadata": {
        "timer_format_version": "0.1.0",
        "start_time_seconds": "1669390777",
        "python_version": "3.7.7 (default, May  6 2020, 11:45:54) [MSC v.1916 64 bit (AMD64)]",
        "command_line_arguments": "C:\\Users\\meado\\anaconda3\\envs\\foosbot_env\\Scripts\\mlagents-learn config/foosball_config.yaml --run-id attack_3_1",
        "mlagents_version": "0.28.0",
        "mlagents_envs_version": "0.28.0",
        "communication_protocol_version": "1.5.0",
        "pytorch_version": "1.7.1+cu110",
        "numpy_version": "1.21.5",
        "end_time_seconds": "1669390896"
    },
    "total": 118.32391419999999,
    "count": 1,
    "self": 0.006459299999988843,
    "children": {
        "run_training.setup": {
            "total": 0.24326710000000018,
            "count": 1,
            "self": 0.24326710000000018
        },
        "TrainerController.start_learning": {
            "total": 118.0741878,
            "count": 1,
            "self": 0.21935840000058704,
            "children": {
                "TrainerController._reset_env": {
                    "total": 11.5617626,
                    "count": 1,
                    "self": 11.5617626
                },
                "TrainerController.advance": {
                    "total": 106.19153029999943,
                    "count": 10744,
                    "self": 0.23388959999955716,
                    "children": {
                        "env_step": {
                            "total": 105.17396339999975,
                            "count": 10744,
                            "self": 72.6818953000001,
                            "children": {
                                "SubprocessEnvManager._take_step": {
                                    "total": 32.353393000000075,
                                    "count": 10744,
                                    "self": 0.7038451999991082,
                                    "children": {
                                        "TorchPolicy.evaluate": {
                                            "total": 31.649547800000967,
                                            "count": 10735,
                                            "self": 20.817246700000464,
                                            "children": {
                                                "TorchPolicy.sample_actions": {
                                                    "total": 10.832301100000503,
                                                    "count": 10735,
                                                    "self": 10.832301100000503
                                                }
                                            }
                                        }
                                    }
                                },
                                "workers": {
                                    "total": 0.13867509999957406,
                                    "count": 10743,
                                    "self": 0.0,
                                    "children": {
                                        "worker_root": {
                                            "total": 107.69108970000084,
                                            "count": 10743,
                                            "is_parallel": true,
                                            "self": 45.35612160000113,
                                            "children": {
                                                "steps_from_proto": {
                                                    "total": 0.0006690000000002527,
                                                    "count": 1,
                                                    "is_parallel": true,
                                                    "self": 0.000306699999999438,
                                                    "children": {
                                                        "_process_rank_one_or_two_observation": {
                                                            "total": 0.00036230000000081475,
                                                            "count": 2,
                                                            "is_parallel": true,
                                                            "self": 0.00036230000000081475
                                                        }
                                                    }
                                                },
                                                "UnityEnvironment.step": {
                                                    "total": 62.33429909999971,
                                                    "count": 10743,
                                                    "is_parallel": true,
                                                    "self": 0.9474113000013489,
                                                    "children": {
                                                        "UnityEnvironment._generate_step_input": {
                                                            "total": 0.8047839999994899,
                                                            "count": 10743,
                                                            "is_parallel": true,
                                                            "self": 0.8047839999994899
                                                        },
                                                        "communicator.exchange": {
                                                            "total": 58.12587479999922,
                                                            "count": 10743,
                                                            "is_parallel": true,
                                                            "self": 58.12587479999922
                                                        },
                                                        "steps_from_proto": {
                                                            "total": 2.4562289999996505,
                                                            "count": 10743,
                                                            "is_parallel": true,
                                                            "self": 1.3457803999997857,
                                                            "children": {
                                                                "_process_rank_one_or_two_observation": {
                                                                    "total": 1.1104485999998648,
                                                                    "count": 21486,
                                                                    "is_parallel": true,
                                                                    "self": 1.1104485999998648
                                                                }
                                                            }
                                                        }
                                                    }
                                                }
                                            }
                                        }
                                    }
                                }
                            }
                        },
                        "trainer_advance": {
                            "total": 0.7836773000001234,
                            "count": 10743,
                            "self": 0.2733831000000393,
                            "children": {
                                "process_trajectory": {
                                    "total": 0.5102942000000841,
                                    "count": 10743,
                                    "self": 0.5102942000000841
                                }
                            }
                        }
                    }
                },