{
    "name": "root",
    "gauges": {
        "Attack_Rod.Policy.Entropy.mean": {
            "value": 1.4447096586227417,
            "min": 1.435187578201294,
            "max": 1.4447096586227417,
            "count": 50
        },
        "Attack_Rod.Policy.Entropy.sum": {
            "value": 14756.2646484375,
            "min": 13010.52734375,
            "max": 15328.3125,
            "count": 50
        },
        "Attack_Rod.Environment.EpisodeLength.mean": {
            "value": 920.4,
            "min": 640.0,
            "max": 1509.7142857142858,
            "count": 50
        },
        "Attack_Rod.Environment.EpisodeLength.sum": {
            "value": 9204.0,
            "min": 8185.0,
            "max": 11396.0,
            "count": 50
        },
        "Attack_Rod.Step.mean": {
            "value": 999313.0,
            "min": 509149.0,
            "max": 999313.0,
            "count": 50
        },
        "Attack_Rod.Step.sum": {
            "value": 999313.0,
            "min": 509149.0,
            "max": 999313.0,
            "count": 50
        },
        "Attack_Rod.Policy.ExtrinsicValueEstimate.mean": {
            "value": 0.010579853318631649,
            "min": -0.1751355081796646,
            "max": 0.06157891824841499,
            "count": 50
        },
        "Attack_Rod.Policy.ExtrinsicValueEstimate.sum": {
            "value": 0.14811794459819794,
            "min": -2.506855010986328,
            "max": 0.7775378823280334,
            "count": 50
        },
        "Attack_Rod.Environment.CumulativeReward.mean": {
            "value": -0.4454545487057079,
            "min": -0.7454545497894287,
            "max": 0.28333333134651184,
            "count": 50
        },
        "Attack_Rod.Environment.CumulativeReward.sum": {
            "value": -4.900000035762787,
            "min": -8.300000011920929,
            "max": 3.399999976158142,
            "count": 50
        },
        "Attack_Rod.Policy.ExtrinsicReward.mean": {
            "value": -0.4454545487057079,
            "min": -0.7454545497894287,
            "max": 0.28333333134651184,
            "count": 50
        },
        "Attack_Rod.Policy.ExtrinsicReward.sum": {
            "value": -4.900000035762787,
            "min": -8.300000011920929,
            "max": 3.399999976158142,
            "count": 50
        },
        "Attack_Rod.IsTraining.mean": {
            "value": 1.0,
            "min": 1.0,
            "max": 1.0,
            "count": 50
        },
        "Attack_Rod.IsTraining.sum": {
            "value": 1.0,
            "min": 1.0,
            "max": 1.0,
            "count": 50
        },
        "Attack_Rod.Losses.PolicyLoss.mean": {
            "value": 0.015118930481063823,
            "min": 0.013679338494936626,
            "max": 0.02238357449726512,
            "count": 23
        },
        "Attack_Rod.Losses.PolicyLoss.sum": {
            "value": 0.015118930481063823,
            "min": 0.013679338494936626,
            "max": 0.02238357449726512,
            "count": 23
        },
        "Attack_Rod.Losses.ValueLoss.mean": {
            "value": 0.007019453185300032,
            "min": 0.004656958269576231,
            "max": 0.012307485658675432,
            "count": 23
        },
        "Attack_Rod.Losses.ValueLoss.sum": {
            "value": 0.007019453185300032,
            "min": 0.004656958269576231,
            "max": 0.012307485658675432,
            "count": 23
        },
        "Attack_Rod.Policy.LearningRate.mean": {
            "value": 0.0003,
            "min": 0.0003,
            "max": 0.0003,
            "count": 23
        },
        "Attack_Rod.Policy.LearningRate.sum": {
            "value": 0.0003,
            "min": 0.0003,
            "max": 0.0003,
            "count": 23
        },
        "Attack_Rod.Policy.Epsilon.mean": {
            "value": 0.1016252,
            "min": 0.1016252,
            "max": 0.14784500000000006,
            "count": 23
        },
        "Attack_Rod.Policy.Epsilon.sum": {
            "value": 0.1016252,
            "min": 0.1016252,
            "max": 0.14784500000000006,
            "count": 23
        },
        "Attack_Rod.Policy.Beta.mean": {
            "value": 0.005000000000000001,
            "min": 0.005000000000000001,
            "max": 0.005000000000000001,
            "count": 23
        },
        "Attack_Rod.Policy.Beta.sum": {
            "value": 0.005000000000000001,
            "min": 0.005000000000000001,
            "max": 0.005000000000000001,
            "count": 23
        }
    },
    "metadata": {
        "timer_format_version": "0.1.0",
        "start_time_seconds": "1669517411",
        "python_version": "3.7.7 (default, May  6 2020, 11:45:54) [MSC v.1916 64 bit (AMD64)]",
        "command_line_arguments": "C:\\Users\\meado\\anaconda3\\envs\\foosbot_env\\Scripts\\mlagents-learn config/attack_config.yaml --run-id attack_4_2 --resume",
        "mlagents_version": "0.28.0",
        "mlagents_envs_version": "0.28.0",
        "communication_protocol_version": "1.5.0",
        "pytorch_version": "1.7.1+cu110",
        "numpy_version": "1.21.5",
        "end_time_seconds": "1669522398"
    },
    "total": 4986.8986646,
    "count": 1,
    "self": 0.011108500000773347,
    "children": {
        "run_training.setup": {
            "total": 0.23731299999999989,
            "count": 1,
            "self": 0.23731299999999989
        },
        "TrainerController.start_learning": {
            "total": 4986.6502431,
            "count": 1,
            "self": 10.011503700270623,
            "children": {
                "TrainerController._reset_env": {
                    "total": 12.3352069,
                    "count": 1,
                    "self": 12.3352069
                },
                "TrainerController.advance": {
                    "total": 4964.227425299729,
                    "count": 499763,
                    "self": 10.854533299639115,
                    "children": {
                        "env_step": {
                            "total": 4832.32079799992,
                            "count": 499763,
                            "self": 3277.2452606998727,
                            "children": {
                                "SubprocessEnvManager._take_step": {
                                    "total": 1548.471296099871,
                                    "count": 499763,
                                    "self": 32.603417599968,
                                    "children": {
                                        "TorchPolicy.evaluate": {
                                            "total": 1515.867878499903,
                                            "count": 499358,
                                            "self": 1033.1545946000103,
                                            "children": {
                                                "TorchPolicy.sample_actions": {
                                                    "total": 482.71328389989276,
                                                    "count": 499358,
                                                    "self": 482.71328389989276
                                                }
                                            }
                                        }
                                    }
                                },
                                "workers": {
                                    "total": 6.604241200175926,
                                    "count": 499763,
                                    "self": 0.0,
                                    "children": {
                                        "worker_root": {
                                            "total": 4961.0049657000645,
                                            "count": 499763,
                                            "is_parallel": true,
                                            "self": 2164.179244499898,