{
    "name": "root",
    "gauges": {
        "Attack_Rod.Policy.Entropy.mean": {
            "value": 1.419559359550476,
            "min": 1.4119266271591187,
            "max": 1.4240437746047974,
            "count": 100
        },
        "Attack_Rod.Policy.Entropy.sum": {
            "value": 14571.77734375,
            "min": 12934.8720703125,
            "max": 15478.3740234375,
            "count": 100
        },
        "Attack_Rod.Step.mean": {
            "value": 999421.0,
            "min": 9105.0,
            "max": 999421.0,
            "count": 100
        },
        "Attack_Rod.Step.sum": {
            "value": 999421.0,
            "min": 9105.0,
            "max": 999421.0,
            "count": 100
        },
        "Attack_Rod.Policy.ExtrinsicValueEstimate.mean": {
            "value": -0.09763841331005096,
            "min": -113.44670867919922,
            "max": 0.0838569849729538,
            "count": 100
        },
        "Attack_Rod.Policy.ExtrinsicValueEstimate.sum": {
            "value": -1.3669377565383911,
            "min": -1928.593994140625,
            "max": 1.0901408195495605,
            "count": 100
        },
        "Attack_Rod.Environment.EpisodeLength.mean": {
            "value": 1608.2857142857142,
            "min": 677.0833333333334,
            "max": 4205.666666666667,
            "count": 100
        },
        "Attack_Rod.Environment.EpisodeLength.sum": {
            "value": 11258.0,
            "min": 4104.0,
            "max": 17773.0,
            "count": 100
        },
        "Attack_Rod.Environment.CumulativeReward.mean": {
            "value": -0.42857142857142855,
            "min": -1.0,
            "max": 1.0,
            "count": 100
        },
        "Attack_Rod.Environment.CumulativeReward.sum": {
            "value": -3.0,
            "min": -10.0,
            "max": 7.0,
            "count": 100
        },
        "Attack_Rod.Policy.ExtrinsicReward.mean": {
            "value": -0.42857142857142855,
            "min": -1.0,
            "max": 1.0,
            "count": 100
        },
        "Attack_Rod.Policy.ExtrinsicReward.sum": {
            "value": -3.0,
            "min": -10.0,
            "max": 7.0,
            "count": 100
        },
        "Attack_Rod.IsTraining.mean": {
            "value": 1.0,
            "min": 1.0,
            "max": 1.0,
            "count": 100
        },
        "Attack_Rod.IsTraining.sum": {
            "value": 1.0,
            "min": 1.0,
            "max": 1.0,
            "count": 100
        },
        "Attack_Rod.Losses.PolicyLoss.mean": {
            "value": 0.01683337342304488,
            "min": 0.013732009567320347,
            "max": 0.12267584415773551,
            "count": 47
        },
        "Attack_Rod.Losses.PolicyLoss.sum": {
            "value": 0.01683337342304488,
            "min": 0.013732009567320347,
            "max": 0.12267584415773551,
            "count": 47
        },
        "Attack_Rod.Losses.ValueLoss.mean": {
            "value": 0.006911464811613162,
            "min": 0.005370334334050615,
            "max": 4507.962208048502,
            "count": 47
        },
        "Attack_Rod.Losses.ValueLoss.sum": {
            "value": 0.006911464811613162,
            "min": 0.005370334334050615,
            "max": 4507.962208048502,
            "count": 47
        },
        "Attack_Rod.Policy.LearningRate.mean": {
            "value": 0.0003,
            "min": 0.0003,
            "max": 0.0003,
            "count": 47
        },
        "Attack_Rod.Policy.LearningRate.sum": {
            "value": 0.0003,
            "min": 0.0003,
            "max": 0.0003,
            "count": 47
        },
        "Attack_Rod.Policy.Epsilon.mean": {
            "value": 0.1015747,
            "min": 0.1015747,
            "max": 0.19786470000000006,
            "count": 47
        },
        "Attack_Rod.Policy.Epsilon.sum": {
            "value": 0.1015747,
            "min": 0.1015747,
            "max": 0.19786470000000006,
            "count": 47
        },
        "Attack_Rod.Policy.Beta.mean": {
            "value": 0.005000000000000001,
            "min": 0.005000000000000001,
            "max": 0.005000000000000001,
            "count": 47
        },
        "Attack_Rod.Policy.Beta.sum": {
            "value": 0.005000000000000001,
            "min": 0.005000000000000001,
            "max": 0.005000000000000001,
            "count": 47
        }
    },
    "metadata": {
        "timer_format_version": "0.1.0",
        "start_time_seconds": "1669558432",
        "python_version": "3.7.7 (default, May  6 2020, 11:45:54) [MSC v.1916 64 bit (AMD64)]",
        "command_line_arguments": "C:\\Users\\meado\\anaconda3\\envs\\foosbot_env\\Scripts\\mlagents-learn config/attack_config.yaml --run-id attack_5_1",
        "mlagents_version": "0.28.0",
        "mlagents_envs_version": "0.28.0",
        "communication_protocol_version": "1.5.0",
        "pytorch_version": "1.7.1+cu110",
        "numpy_version": "1.21.5",
        "end_time_seconds": "1669567332"
    },
    "total": 8900.311714200001,
    "count": 1,
    "self": 0.009410900001967093,
    "children": {
        "run_training.setup": {
            "total": 0.2383185000000001,
            "count": 1,
            "self": 0.2383185000000001
        },
        "TrainerController.start_learning": {
            "total": 8900.0639848,
            "count": 1,
            "self": 20.646861199602426,
            "children": {
                "TrainerController._reset_env": {
                    "total": 16.5781607,
                    "count": 1,
                    "self": 16.5781607
                },
                "TrainerController.advance": {
                    "total": 8862.769698000397,
                    "count": 1001046,
                    "self": 21.575591400047415,
                    "children": {
                        "env_step": {
                            "total": 8596.483014800351,
                            "count": 1001046,
                            "self": 5738.866062300831,
                            "children": {
                                "SubprocessEnvManager._take_step": {
                                    "total": 2843.6659211996534,
                                    "count": 1001046,
                                    "self": 65.58728259987083,
                                    "children": {
                                        "TorchPolicy.evaluate": {
                                            "total": 2778.0786385997826,
                                            "count": 1000421,
                                            "self": 1805.156509299757,
                                            "children": {
                                                "TorchPolicy.sample_actions": {
                                                    "total": 972.9221293000255,
                                                    "count": 1000421,
                                                    "self": 972.9221293000255
                                                }
                                            }
                                        }
                                    }
                                },
                                "workers": {
                                    "total": 13.95103129986634,
                                    "count": 1001046,
                                    "self": 0.0,
                                    "children": {
                                        "worker_root": {
                                            "total": 8854.992009399559,
                                            "count": 1001046,
                                            "is_parallel": true,
                                            "self": 4081.4781764995796,