{
    "name": "root",
    "metadata": {
        "timer_format_version": "0.1.0",
        "start_time_seconds": "1669596986",
        "python_version": "3.7.7 (default, May  6 2020, 11:45:54) [MSC v.1916 64 bit (AMD64)]",
        "command_line_arguments": "C:\\Users\\meado\\anaconda3\\envs\\foosbot_env\\Scripts\\mlagents-learn config/foosball_config.yaml --run-id selfPlay_3_6",
        "mlagents_version": "0.28.0",
        "mlagents_envs_version": "0.28.0",
        "communication_protocol_version": "1.5.0",
        "pytorch_version": "1.7.1+cu110",
        "numpy_version": "1.21.5",
        "end_time_seconds": "1669597020"
    },
    "total": 33.9433008,
    "count": 1,
    "self": 0.007285400000000664,
    "children": {
        "run_training.setup": {
            "total": 0.23800139999999992,
            "count": 1,
            "self": 0.23800139999999992
        },
        "TrainerController.start_learning": {
            "total": 33.698014,
            "count": 1,
            "self": 0.03340660000007034,
            "children": {
                "TrainerController._reset_env": {
                    "total": 11.3141563,
                    "count": 1,
                    "self": 11.3141563
                },
                "TrainerController.advance": {
                    "total": 22.224412599999937,
                    "count": 1553,
                    "self": 0.03426460000006415,
                    "children": {
                        "env_step": {
                            "total": 22.057943399999978,
                            "count": 1553,
                            "self": 16.09929090000012,
                            "children": {
                                "SubprocessEnvManager._take_step": {
                                    "total": 5.938864499999934,
                                    "count": 1553,
                                    "self": 0.190040599999735,
                                    "children": {
                                        "TorchPolicy.evaluate": {
                                            "total": 5.748823900000199,
                                            "count": 3104,
                                            "self": 2.7652308000000847,
                                            "children": {
                                                "TorchPolicy.sample_actions": {
                                                    "total": 2.983593100000114,
                                                    "count": 3104,
                                                    "self": 2.983593100000114
                                                }
                                            }
                                        }
                                    }
                                },
                                "workers": {
                                    "total": 0.019787999999923755,
                                    "count": 1552,
                                    "self": 0.0,
                                    "children": {
                                        "worker_root": {
                                            "total": 23.655975900000012,
                                            "count": 1552,
                                            "is_parallel": true,
                                            "self": 9.326948800000011,
                                            "children": {
                                                "steps_from_proto": {
                                                    "total": 0.0005061999999984579,
                                                    "count": 2,
                                                    "is_parallel": true,
                                                    "self": 0.00023509999999937747,
                                                    "children": {
                                                        "_process_rank_one_or_two_observation": {
                                                            "total": 0.0002710999999990804,
                                                            "count": 4,
                                                            "is_parallel": true,
                                                            "self": 0.0002710999999990804
                                                        }
                                                    }
                                                },
                                                "UnityEnvironment.step": {
                                                    "total": 14.328520900000003,
                                                    "count": 1552,
                                                    "is_parallel": true,
                                                    "self": 0.1753078999999893,
                                                    "children": {
                                                        "UnityEnvironment._generate_step_input": {
                                                            "total": 0.1571814000000753,
                                                            "count": 1552,
                                                            "is_parallel": true,
                                                            "self": 0.1571814000000753
                                                        },
                                                        "communicator.exchange": {
                                                            "total": 13.404712499999977,
                                                            "count": 1552,
                                                            "is_parallel": true,
                                                            "self": 13.404712499999977
                                                        },
                                                        "steps_from_proto": {
                                                            "total": 0.5913190999999607,
                                                            "count": 3104,
                                                            "is_parallel": true,
                                                            "self": 0.3469376999999376,
                                                            "children": {
                                                                "_process_rank_one_or_two_observation": {
                                                                    "total": 0.24438140000002306,
                                                                    "count": 6208,
                                                                    "is_parallel": true,
                                                                    "self": 0.24438140000002306
                                                                }
                                                            }
                                                        }
                                                    }
                                                }
                                            }
                                        }
                                    }
                                }
                            }
                        },
                        "trainer_advance": {
                            "total": 0.13220459999989487,
                            "count": 1552,
                            "self": 0.08046709999993595,
                            "children": {
                                "process_trajectory": {
                                    "total": 0.051737499999958914,
                                    "count": 1552,
                                    "self": 0.051737499999958914
                                }
                            }
                        }
                    }
                },