{
    "name": "root",
    "gauges": {
        "Attack_Rod.Policy.Entropy.mean": {
            "value": 1.4260660409927368,
            "min": 1.4087835550308228,
            "max": 1.4260660409927368,
            "count": 50
        },
        "Attack_Rod.Policy.Entropy.sum": {
            "value": 14351.9287109375,
            "min": 13080.6328125,
            "max": 15233.5908203125,
            "count": 50
        },
        "Attack_Rod.Environment.EpisodeLength.mean": {
            "value": 669.9333333333333,
            "min": 478.75,
            "max": 847.5833333333334,
            "count": 50
        },
        "Attack_Rod.Environment.EpisodeLength.sum": {
            "value": 10049.0,
            "min": 9238.0,
            "max": 10758.0,
            "count": 50
        },
        "Attack_Rod.Step.mean": {
            "value": 999330.0,
            "min": 509459.0,
            "max": 999330.0,
            "count": 50
        },
        "Attack_Rod.Step.sum": {
            "value": 999330.0,
            "min": 509459.0,
            "max": 999330.0,
            "count": 50
        },
        "Attack_Rod.Policy.ExtrinsicValueEstimate.mean": {
            "value": -0.05983380228281021,
            "min": -0.16794346272945404,
            "max": 0.024154841899871826,
            "count": 50
        },
        "Attack_Rod.Policy.ExtrinsicValueEstimate.sum": {
            "value": -0.8975070118904114,
            "min": -2.5191519260406494,
            "max": 0.33816778659820557,
            "count": 50
        },
        "Attack_Rod.Environment.CumulativeReward.mean": {
            "value": -0.46870031470122436,
            "min": -0.5713592757736998,
            "max": 0.3564111825544387,
            "count": 50
        },
        "Attack_Rod.Environment.CumulativeReward.sum": {
            "value": -7.0305047205183655,
            "min": -7.999029860831797,
            "max": 6.058990103425458,
            "count": 50
        },
        "Attack_Rod.Policy.ExtrinsicReward.mean": {
            "value": -0.46870031470122436,
            "min": -0.5713592757736998,
            "max": 0.3564111825544387,
            "count": 50
        },
        "Attack_Rod.Policy.ExtrinsicReward.sum": {
            "value": -7.0305047205183655,
            "min": -7.999029860831797,
            "max": 6.058990103425458,
            "count": 50
        },
        "Attack_Rod.IsTraining.mean": {
            "value": 1.0,
            "min": 1.0,
            "max": 1.0,
            "count": 50
        },
        "Attack_Rod.IsTraining.sum": {
            "value": 1.0,
            "min": 1.0,
            "max": 1.0,
            "count": 50
        },
        "Attack_Rod.Losses.PolicyLoss.mean": {
            "value": 0.01762087889946997,
            "min": 0.011875482846517117,
            "max": 0.019008168143530686,
            "count": 23
        },
        "Attack_Rod.Losses.PolicyLoss.sum": {
            "value": 0.01762087889946997,
            "min": 0.011875482846517117,
            "max": 0.019008168143530686,
            "count": 23
        },
        "Attack_Rod.Losses.ValueLoss.mean": {
            "value": 0.0031308344565331935,
            "min": 0.0029840325471013783,
            "max": 0.007822348549962044,
            "count": 23
        },
        "Attack_Rod.Losses.ValueLoss.sum": {
            "value": 0.0031308344565331935,
            "min": 0.0029840325471013783,
            "max": 0.007822348549962044,
            "count": 23
        },
        "Attack_Rod.Policy.LearningRate.mean": {
            "value": 0.0003,
            "min": 0.0003,
            "max": 0.0003,
            "count": 23
        },
        "Attack_Rod.Policy.LearningRate.sum": {
            "value": 0.0003,
            "min": 0.0003,
            "max": 0.0003,
            "count": 23
        },
        "Attack_Rod.Policy.Epsilon.mean": {
            "value": 0.10192559999999999,
            "min": 0.10192559999999999,
            "max": 0.14787220000000004,
            "count": 23
        },
        "Attack_Rod.Policy.Epsilon.sum": {
            "value": 0.10192559999999999,
            "min": 0.10192559999999999,
            "max": 0.14787220000000004,
            "count": 23
        },
        "Attack_Rod.Policy.Beta.mean": {
            "value": 0.005000000000000001,
            "min": 0.005000000000000001,
            "max": 0.005000000000000001,
            "count": 23
        },
        "Attack_Rod.Policy.Beta.sum": {
            "value": 0.005000000000000001,
            "min": 0.005000000000000001,
            "max": 0.005000000000000001,
            "count": 23
        }
    },
    "metadata": {
        "timer_format_version": "0.1.0",
        "start_time_seconds": "1669582046",
        "python_version": "3.7.7 (default, May  6 2020, 11:45:54) [MSC v.1916 64 bit (AMD64)]",
        "command_line_arguments": "C:\\Users\\meado\\anaconda3\\envs\\foosbot_env\\Scripts\\mlagents-learn config/attack_config.yaml --run-id attack_5_8 --resume",
        "mlagents_version": "0.28.0",
        "mlagents_envs_version": "0.28.0",
        "communication_protocol_version": "1.5.0",
        "pytorch_version": "1.7.1+cu110",
        "numpy_version": "1.21.5",
        "end_time_seconds": "1669587187"
    },
    "total": 5141.4318676,
    "count": 1,
    "self": 0.00981950000004872,
    "children": {
        "run_training.setup": {
            "total": 0.24082409999999976,
            "count": 1,
            "self": 0.24082409999999976
        },
        "TrainerController.start_learning": {
            "total": 5141.181224,
            "count": 1,
            "self": 10.019628300051409,
            "children": {
                "TrainerController._reset_env": {
                    "total": 10.7063708,
                    "count": 1,
                    "self": 10.7063708
                },
                "TrainerController.advance": {
                    "total": 5120.39031229995,
                    "count": 500308,
                    "self": 11.08086770015052,
                    "children": {
                        "env_step": {
                            "total": 4989.705128799846,
                            "count": 500308,
                            "self": 3315.507927099585,
                            "children": {
                                "SubprocessEnvManager._take_step": {
                                    "total": 1667.6457663002905,
                                    "count": 500308,
                                    "self": 32.34460200024,
                                    "children": {
                                        "TorchPolicy.evaluate": {
                                            "total": 1635.3011643000505,
                                            "count": 499691,
                                            "self": 1149.2682490000775,
                                            "children": {
                                                "TorchPolicy.sample_actions": {
                                                    "total": 486.0329152999729,
                                                    "count": 499691,
                                                    "self": 486.0329152999729
                                                }
                                            }
                                        }
                                    }
                                },
                                "workers": {
                                    "total": 6.5514353999703445,
                                    "count": 500308,
                                    "self": 0.0,
                                    "children": {
                                        "worker_root": {
                                            "total": 5116.523855199982,
                                            "count": 500308,
                                            "is_parallel": true,