{
    "name": "root",
    "metadata": {
        "timer_format_version": "0.1.0",
        "start_time_seconds": "1669390912",
        "python_version": "3.7.7 (default, May  6 2020, 11:45:54) [MSC v.1916 64 bit (AMD64)]",
        "command_line_arguments": "C:\\Users\\meado\\anaconda3\\envs\\foosbot_env\\Scripts\\mlagents-learn config/foosball_config.yaml --run-id attack_3_2",
        "mlagents_version": "0.28.0",
        "mlagents_envs_version": "0.28.0",
        "communication_protocol_version": "1.5.0",
        "pytorch_version": "1.7.1+cu110",
        "numpy_version": "1.21.5",
        "end_time_seconds": "1669390962"
    },
    "total": 50.1080867,
    "count": 1,
    "self": 0.011384400000004291,
    "children": {
        "run_training.setup": {
            "total": 0.2354242000000002,
            "count": 1,
            "self": 0.2354242000000002
        },
        "TrainerController.start_learning": {
            "total": 49.8612781,
            "count": 1,
            "self": 0.056520800000193105,
            "children": {
                "TrainerController._reset_env": {
                    "total": 24.3034957,
                    "count": 1,
                    "self": 24.3034957
                },
                "TrainerController.advance": {
                    "total": 25.404569199999813,
                    "count": 2890,
                    "self": 0.06147600000023701,
                    "children": {
                        "env_step": {
                            "total": 25.17313059999982,
                            "count": 2890,
                            "self": 17.928073999999683,
                            "children": {
                                "SubprocessEnvManager._take_step": {
                                    "total": 7.208109000000199,
                                    "count": 2890,
                                    "self": 0.1866909000000163,
                                    "children": {
                                        "TorchPolicy.evaluate": {
                                            "total": 7.021418100000183,
                                            "count": 2890,
                                            "self": 3.780845600000152,
                                            "children": {
                                                "TorchPolicy.sample_actions": {
                                                    "total": 3.240572500000031,
                                                    "count": 2890,
                                                    "self": 3.240572500000031
                                                }
                                            }
                                        }
                                    }
                                },
                                "workers": {
                                    "total": 0.03694759999993735,
                                    "count": 2889,
                                    "self": 0.0,
                                    "children": {
                                        "worker_root": {
                                            "total": 26.80787400000007,
                                            "count": 2889,
                                            "is_parallel": true,
                                            "self": 11.670059700000209,
                                            "children": {
                                                "steps_from_proto": {
                                                    "total": 0.0005198000000028458,
                                                    "count": 1,
                                                    "is_parallel": true,
                                                    "self": 0.00024900000000016576,
                                                    "children": {
                                                        "_process_rank_one_or_two_observation": {
                                                            "total": 0.00027080000000268,
                                                            "count": 2,
                                                            "is_parallel": true,
                                                            "self": 0.00027080000000268
                                                        }
                                                    }
                                                },
                                                "UnityEnvironment.step": {
                                                    "total": 15.137294499999857,
                                                    "count": 2889,
                                                    "is_parallel": true,
                                                    "self": 0.2436904999999605,
                                                    "children": {
                                                        "UnityEnvironment._generate_step_input": {
                                                            "total": 0.20975019999995226,
                                                            "count": 2889,
                                                            "is_parallel": true,
                                                            "self": 0.20975019999995226
                                                        },
                                                        "communicator.exchange": {
                                                            "total": 14.032252699999955,
                                                            "count": 2889,
                                                            "is_parallel": true,
                                                            "self": 14.032252699999955
                                                        },
                                                        "steps_from_proto": {
                                                            "total": 0.6516010999999899,
                                                            "count": 2889,
                                                            "is_parallel": true,
                                                            "self": 0.36026389999995345,
                                                            "children": {
                                                                "_process_rank_one_or_two_observation": {
                                                                    "total": 0.2913372000000365,
                                                                    "count": 5778,
                                                                    "is_parallel": true,
                                                                    "self": 0.2913372000000365
                                                                }
                                                            }
                                                        }
                                                    }
                                                }
                                            }
                                        }
                                    }
                                }
                            }
                        },
                        "trainer_advance": {
                            "total": 0.1699625999997565,
                            "count": 2889,
                            "self": 0.0646917999997676,
                            "children": {
                                "process_trajectory": {
                                    "total": 0.1052707999999889,
                                    "count": 2889,
                                    "self": 0.1052707999999889
                                }
                            }
                        }
                    }
                },