{
    "name": "root",
    "gauges": {
        "Foosbots_MultiRod_5.Policy.Entropy.mean": {
            "value": 1.4189382791519165,
            "min": 1.4189382791519165,
            "max": 1.4189382791519165,
            "count": 1
        },
        "Foosbots_MultiRod_5.Policy.Entropy.sum": {
            "value": 14189.3828125,
            "min": 14189.3828125,
            "max": 14189.3828125,
            "count": 1
        },
        "Foosbots_MultiRod_5.Step.mean": {
            "value": 9000.0,
            "min": 9000.0,
            "max": 9000.0,
            "count": 1
        },
        "Foosbots_MultiRod_5.Step.sum": {
            "value": 9000.0,
            "min": 9000.0,
            "max": 9000.0,
            "count": 1
        },
        "Foosbots_MultiRod_5.Policy.ExtrinsicValueEstimate.mean": {
            "value": 21.605382919311523,
            "min": 21.605382919311523,
            "max": 21.605382919311523,
            "count": 1
        },
        "Foosbots_MultiRod_5.Policy.ExtrinsicValueEstimate.sum": {
            "value": 194.4484405517578,
            "min": 194.4484405517578,
            "max": 194.4484405517578,
            "count": 1
        },
        "Foosbots_MultiRod_5.Environment.EpisodeLength.mean": {
            "value": 1999.0,
            "min": 1999.0,
            "max": 1999.0,
            "count": 1
        },
        "Foosbots_MultiRod_5.Environment.EpisodeLength.sum": {
            "value": 9995.0,
            "min": 9995.0,
            "max": 9995.0,
            "count": 1
        },
        "Foosbots_MultiRod_5.Environment.CumulativeReward.mean": {
            "value": -999.8999938964844,
            "min": -999.8999938964844,
            "max": -999.8999938964844,
            "count": 1
        },
        "Foosbots_MultiRod_5.Environment.CumulativeReward.sum": {
            "value": -3999.5999755859375,
            "min": -3999.5999755859375,
            "max": -3999.5999755859375,
            "count": 1
        },
        "Foosbots_MultiRod_5.Policy.ExtrinsicReward.mean": {
            "value": -999.8999938964844,
            "min": -999.8999938964844,
            "max": -999.8999938964844,
            "count": 1
        },
        "Foosbots_MultiRod_5.Policy.ExtrinsicReward.sum": {
            "value": -3999.5999755859375,
            "min": -3999.5999755859375,
            "max": -3999.5999755859375,
            "count": 1
        },
        "Foosbots_MultiRod_5.IsTraining.mean": {
            "value": 1.0,
            "min": 1.0,
            "max": 1.0,
            "count": 1
        },
        "Foosbots_MultiRod_5.IsTraining.sum": {
            "value": 1.0,
            "min": 1.0,
            "max": 1.0,
            "count": 1
        }
    },
    "metadata": {
        "timer_format_version": "0.1.0",
        "start_time_seconds": "1669220075",
        "python_version": "3.7.7 (default, May  6 2020, 11:45:54) [MSC v.1916 64 bit (AMD64)]",
        "command_line_arguments": "C:\\Users\\meado\\anaconda3\\envs\\foosbot_env\\Scripts\\mlagents-learn config/foosball_config.yaml --run-id attack_1_10",
        "mlagents_version": "0.28.0",
        "mlagents_envs_version": "0.28.0",
        "communication_protocol_version": "1.5.0",
        "pytorch_version": "1.7.1+cu110",
        "numpy_version": "1.21.5",
        "end_time_seconds": "1669220199"
    },
    "total": 123.8832013,
    "count": 1,
    "self": 0.006987899999984393,
    "children": {
        "run_training.setup": {
            "total": 0.2249243999999999,
            "count": 1,
            "self": 0.2249243999999999
        },
        "TrainerController.start_learning": {
            "total": 123.651289,
            "count": 1,
            "self": 0.2784477999995403,
            "children": {
                "TrainerController._reset_env": {
                    "total": 10.877417999999999,
                    "count": 1,
                    "self": 10.877417999999999
                },
                "TrainerController.advance": {
                    "total": 112.39208600000048,
                    "count": 12958,
                    "self": 0.27749380000069834,
                    "children": {
                        "env_step": {
                            "total": 106.98848630000022,
                            "count": 12958,
                            "self": 70.83767950000035,
                            "children": {
                                "SubprocessEnvManager._take_step": {
                                    "total": 35.986017300000185,
                                    "count": 12958,
                                    "self": 0.7586311999995132,
                                    "children": {
                                        "TorchPolicy.evaluate": {
                                            "total": 35.22738610000067,
                                            "count": 11653,
                                            "self": 23.163778200001005,
                                            "children": {
                                                "TorchPolicy.sample_actions": {
                                                    "total": 12.063607899999665,
                                                    "count": 11653,
                                                    "self": 12.063607899999665
                                                }
                                            }
                                        }
                                    }
                                },
                                "workers": {
                                    "total": 0.16478949999967796,
                                    "count": 12957,
                                    "self": 0.0,
                                    "children": {
                                        "worker_root": {
                                            "total": 113.75810299999937,
                                            "count": 12957,
                                            "is_parallel": true,
                                            "self": 55.17395639999991,
                                            "children": {
                                                "steps_from_proto": {
                                                    "total": 0.000475200000000342,
                                                    "count": 1,
                                                    "is_parallel": true,
                                                    "self": 0.0001718999999980042,
                                                    "children": {
                                                        "_process_rank_one_or_two_observation": {
                                                            "total": 0.0003033000000023378,
                                                            "count": 2,
                                                            "is_parallel": true,
                                                            "self": 0.0003033000000023378
                                                        }
                                                    }
                                                },
                                                "UnityEnvironment.step": {
                                                    "total": 58.58367139999945,
                                                    "count": 12957,
                                                    "is_parallel": true,
                                                    "self": 1.1263568999991733,
                                                    "children": {
                                                        "UnityEnvironment._generate_step_input": {
                                                            "total": 0.8822636000013659,
                                                            "count": 12957,