{
    "name": "root",
    "metadata": {
        "timer_format_version": "0.1.0",
        "start_time_seconds": "1669413542",
        "python_version": "3.7.7 (default, May  6 2020, 11:45:54) [MSC v.1916 64 bit (AMD64)]",
        "command_line_arguments": "C:\\Users\\meado\\anaconda3\\envs\\foosbot_env\\Scripts\\mlagents-learn config/foosball_config.yaml --run-id selfPlay_1_4",
        "mlagents_version": "0.28.0",
        "mlagents_envs_version": "0.28.0",
        "communication_protocol_version": "1.5.0",
        "pytorch_version": "1.7.1+cu110",
        "numpy_version": "1.21.5",
        "end_time_seconds": "1669413569"
    },
    "total": 26.4942684,
    "count": 1,
    "self": 0.007878399999999175,
    "children": {
        "run_training.setup": {
            "total": 0.25690339999999967,
            "count": 1,
            "self": 0.25690339999999967
        },
        "TrainerController.start_learning": {
            "total": 26.2294866,
            "count": 1,
            "self": 0.04691679999995202,
            "children": {
                "TrainerController._reset_env": {
                    "total": 5.901769,
                    "count": 1,
                    "self": 5.901769
                },
                "TrainerController.advance": {
                    "total": 20.167270700000046,
                    "count": 2202,
                    "self": 0.0477289999998618,
                    "children": {
                        "env_step": {
                            "total": 19.831252100000064,
                            "count": 2202,
                            "self": 14.47699240000005,
                            "children": {
                                "SubprocessEnvManager._take_step": {
                                    "total": 5.324341800000049,
                                    "count": 2202,
                                    "self": 0.14675780000005467,
                                    "children": {
                                        "TorchPolicy.evaluate": {
                                            "total": 5.177583999999994,
                                            "count": 2202,
                                            "self": 2.6754670000000313,
                                            "children": {
                                                "TorchPolicy.sample_actions": {
                                                    "total": 2.502116999999963,
                                                    "count": 2202,
                                                    "self": 2.502116999999963
                                                }
                                            }
                                        }
                                    }
                                },
                                "workers": {
                                    "total": 0.029917899999965414,
                                    "count": 2201,
                                    "self": 0.0,
                                    "children": {
                                        "worker_root": {
                                            "total": 21.484225899999952,
                                            "count": 2201,
                                            "is_parallel": true,
                                            "self": 9.221907099999937,
                                            "children": {
                                                "steps_from_proto": {
                                                    "total": 0.00037769999999959225,
                                                    "count": 1,
                                                    "is_parallel": true,
                                                    "self": 0.00019130000000000535,
                                                    "children": {
                                                        "_process_rank_one_or_two_observation": {
                                                            "total": 0.0001863999999995869,
                                                            "count": 2,
                                                            "is_parallel": true,
                                                            "self": 0.0001863999999995869
                                                        }
                                                    }
                                                },
                                                "UnityEnvironment.step": {
                                                    "total": 12.261941100000016,
                                                    "count": 2201,
                                                    "is_parallel": true,
                                                    "self": 0.2036580000001571,
                                                    "children": {
                                                        "UnityEnvironment._generate_step_input": {
                                                            "total": 0.20705479999994303,
                                                            "count": 2201,
                                                            "is_parallel": true,
                                                            "self": 0.20705479999994303
                                                        },
                                                        "communicator.exchange": {
                                                            "total": 11.32836059999999,
                                                            "count": 2201,
                                                            "is_parallel": true,
                                                            "self": 11.32836059999999
                                                        },
                                                        "steps_from_proto": {
                                                            "total": 0.5228676999999253,
                                                            "count": 2201,
                                                            "is_parallel": true,
                                                            "self": 0.28232549999996337,
                                                            "children": {
                                                                "_process_rank_one_or_two_observation": {
                                                                    "total": 0.24054219999996196,
                                                                    "count": 4402,
                                                                    "is_parallel": true,
                                                                    "self": 0.24054219999996196
                                                                }
                                                            }
                                                        }
                                                    }
                                                }
                                            }
                                        }
                                    }
                                }
                            }
                        },
                        "trainer_advance": {
                            "total": 0.2882896000001214,
                            "count": 2201,
                            "self": 0.1064654000000651,
                            "children": {
                                "process_trajectory": {
                                    "total": 0.18182420000005628,
                                    "count": 2201,
                                    "self": 0.18182420000005628
                                }
                            }
                        }
                    }
                },