{
    "name": "root",
    "gauges": {
        "Attack_Rod.Policy.Entropy.mean": {
            "value": 1.4217058420181274,
            "min": 1.4189382791519165,
            "max": 1.4217058420181274,
            "count": 3
        },
        "Attack_Rod.Policy.Entropy.sum": {
            "value": 13628.47265625,
            "min": 13628.47265625,
            "max": 14911.623046875,
            "count": 3
        },
        "Attack_Rod.Environment.EpisodeLength.mean": {
            "value": 1175.2222222222222,
            "min": 772.5454545454545,
            "max": 1880.5,
            "count": 3
        },
        "Attack_Rod.Environment.EpisodeLength.sum": {
            "value": 10577.0,
            "min": 8498.0,
            "max": 11283.0,
            "count": 3
        },
        "Attack_Rod.Step.mean": {
            "value": 29884.0,
            "min": 9509.0,
            "max": 29884.0,
            "count": 3
        },
        "Attack_Rod.Step.sum": {
            "value": 29884.0,
            "min": 9509.0,
            "max": 29884.0,
            "count": 3
        },
        "Attack_Rod.Policy.ExtrinsicValueEstimate.mean": {
            "value": 7.478985786437988,
            "min": 7.478985786437988,
            "max": 11.644014358520508,
            "count": 3
        },
        "Attack_Rod.Policy.ExtrinsicValueEstimate.sum": {
            "value": 119.66377258300781,
            "min": 119.66377258300781,
            "max": 209.59225463867188,
            "count": 3
        },
        "Attack_Rod.Environment.CumulativeReward.mean": {
            "value": -0.6395687679760158,
            "min": -0.7244136272506281,
            "max": -0.3016250158349673,
            "count": 3
        },
        "Attack_Rod.Environment.CumulativeReward.sum": {
            "value": -5.1165501438081264,
            "min": -7.968549899756908,
            "max": -1.8097500950098038,
            "count": 3
        },
        "Attack_Rod.Policy.ExtrinsicReward.mean": {
            "value": -0.6395687679760158,
            "min": -0.7244136272506281,
            "max": -0.3016250158349673,
            "count": 3
        },
        "Attack_Rod.Policy.ExtrinsicReward.sum": {
            "value": -5.1165501438081264,
            "min": -7.968549899756908,
            "max": -1.8097500950098038,
            "count": 3
        },
        "Attack_Rod.IsTraining.mean": {
            "value": 1.0,
            "min": 1.0,
            "max": 1.0,
            "count": 3
        },
        "Attack_Rod.IsTraining.sum": {
            "value": 1.0,
            "min": 1.0,
            "max": 1.0,
            "count": 3
        },
        "Attack_Rod.Losses.PolicyLoss.mean": {
            "value": 0.028107529692351817,
            "min": 0.028107529692351817,
            "max": 0.028107529692351817,
            "count": 1
        },
        "Attack_Rod.Losses.PolicyLoss.sum": {
            "value": 0.028107529692351817,
            "min": 0.028107529692351817,
            "max": 0.028107529692351817,
            "count": 1
        },
        "Attack_Rod.Losses.ValueLoss.mean": {
            "value": 3.6604061563809713,
            "min": 3.6604061563809713,
            "max": 3.6604061563809713,
            "count": 1
        },
        "Attack_Rod.Losses.ValueLoss.sum": {
            "value": 3.6604061563809713,
            "min": 3.6604061563809713,
            "max": 3.6604061563809713,
            "count": 1
        },
        "Attack_Rod.Policy.LearningRate.mean": {
            "value": 0.0003,
            "min": 0.0003,
            "max": 0.0003,
            "count": 1
        },
        "Attack_Rod.Policy.LearningRate.sum": {
            "value": 0.0003,
            "min": 0.0003,
            "max": 0.0003,
            "count": 1
        },
        "Attack_Rod.Policy.Epsilon.mean": {
            "value": 0.19584039999999997,
            "min": 0.19584039999999997,
            "max": 0.19584039999999997,
            "count": 1
        },
        "Attack_Rod.Policy.Epsilon.sum": {
            "value": 0.19584039999999997,
            "min": 0.19584039999999997,
            "max": 0.19584039999999997,
            "count": 1
        },
        "Attack_Rod.Policy.Beta.mean": {
            "value": 0.005000000000000001,
            "min": 0.005000000000000001,
            "max": 0.005000000000000001,
            "count": 1
        },
        "Attack_Rod.Policy.Beta.sum": {
            "value": 0.005000000000000001,
            "min": 0.005000000000000001,
            "max": 0.005000000000000001,
            "count": 1
        }
    },
    "metadata": {
        "timer_format_version": "0.1.0",
        "start_time_seconds": "1669679631",
        "python_version": "3.7.7 (default, May  6 2020, 11:45:54) [MSC v.1916 64 bit (AMD64)]",
        "command_line_arguments": "C:\\Users\\meado\\anaconda3\\envs\\foosbot_env\\Scripts\\mlagents-learn config/attack_config.yaml --run-id attack_test_1",
        "mlagents_version": "0.28.0",
        "mlagents_envs_version": "0.28.0",
        "communication_protocol_version": "1.5.0",
        "pytorch_version": "1.7.1+cu110",
        "numpy_version": "1.21.5",
        "end_time_seconds": "1669680069"
    },
    "total": 437.98132649999997,
    "count": 1,
    "self": 0.008077599999978702,
    "children": {
        "run_training.setup": {
            "total": 0.29354119999999995,
            "count": 1,
            "self": 0.29354119999999995
        },
        "TrainerController.start_learning": {
            "total": 437.6797077,
            "count": 1,
            "self": 0.7356424999965725,
            "children": {
                "TrainerController._reset_env": {
                    "total": 15.2909865,
                    "count": 1,
                    "self": 15.2909865
                },
                "TrainerController.advance": {
                    "total": 421.56150230000344,
                    "count": 33960,
                    "self": 0.7638058999996247,
                    "children": {
                        "env_step": {
                            "total": 414.3333918999992,
                            "count": 33960,
                            "self": 335.01188299999944,
                            "children": {
                                "SubprocessEnvManager._take_step": {
                                    "total": 78.86051120000222,
                                    "count": 33960,
                                    "self": 2.263125900003203,
                                    "children": {
                                        "TorchPolicy.evaluate": {
                                            "total": 76.59738529999902,
                                            "count": 33932,
                                            "self": 41.18790050000548,
                                            "children": {
                                                "TorchPolicy.sample_actions": {
                                                    "total": 35.409484799993535,
                                                    "count": 33932,
                                                    "self": 35.409484799993535
                                                }
                                            }
                                        }
                                    }
                                },
                                "workers": {
                                    "total": 0.46099769999755225,
                                    "count": 33959,
                                    "self": 0.0,
                                    "children": {
                                        "worker_root": {
                                            "total": 422.6360577999989,
                                            "count": 33959,
                                            "is_parallel": true,
                                            "self": 121.12127279999862,