{
    "name": "root",
    "gauges": {
        "Foosbots_MultiRod_5.Policy.Entropy.mean": {
            "value": 1.4635262489318848,
            "min": 1.4189382791519165,
            "max": 1.4635263681411743,
            "count": 50
        },
        "Foosbots_MultiRod_5.Policy.Entropy.sum": {
            "value": 14661.60546875,
            "min": 13002.1826171875,
            "max": 15662.05078125,
            "count": 50
        },
        "Foosbots_MultiRod_5.Environment.EpisodeLength.mean": {
            "value": 909.7272727272727,
            "min": 566.1875,
            "max": 1999.0,
            "count": 50
        },
        "Foosbots_MultiRod_5.Environment.EpisodeLength.sum": {
            "value": 10007.0,
            "min": 8073.0,
            "max": 11369.0,
            "count": 50
        },
        "Foosbots_MultiRod_5.Step.mean": {
            "value": 499399.0,
            "min": 9968.0,
            "max": 499399.0,
            "count": 50
        },
        "Foosbots_MultiRod_5.Step.sum": {
            "value": 499399.0,
            "min": 9968.0,
            "max": 499399.0,
            "count": 50
        },
        "Foosbots_MultiRod_5.Policy.ExtrinsicValueEstimate.mean": {
            "value": -112.28252410888672,
            "min": -173.93544006347656,
            "max": 20.28895378112793,
            "count": 50
        },
        "Foosbots_MultiRod_5.Policy.ExtrinsicValueEstimate.sum": {
            "value": -1571.955322265625,
            "min": -2365.291015625,
            "max": 365.201171875,
            "count": 50
        },
        "Foosbots_MultiRod_5.Environment.CumulativeReward.mean": {
            "value": -819.8818220658736,
            "min": -1136.2699890136719,
            "max": -263.7307692307692,
            "count": 50
        },
        "Foosbots_MultiRod_5.Environment.CumulativeReward.sum": {
            "value": -9018.70004272461,
            "min": -12832.200012207031,
            "max": -3371.4000549316406,
            "count": 50
        },
        "Foosbots_MultiRod_5.Policy.ExtrinsicReward.mean": {
            "value": -819.8818220658736,
            "min": -1136.2699890136719,
            "max": -263.7307692307692,
            "count": 50
        },
        "Foosbots_MultiRod_5.Policy.ExtrinsicReward.sum": {
            "value": -9018.70004272461,
            "min": -12832.200012207031,
            "max": -3371.4000549316406,
            "count": 50
        },
        "Foosbots_MultiRod_5.IsTraining.mean": {
            "value": 1.0,
            "min": 1.0,
            "max": 1.0,
            "count": 50
        },
        "Foosbots_MultiRod_5.IsTraining.sum": {
            "value": 1.0,
            "min": 1.0,
            "max": 1.0,
            "count": 50
        },
        "Foosbots_MultiRod_5.Losses.PolicyLoss.mean": {
            "value": 0.013815216223398845,
            "min": 0.011841917239750425,
            "max": 0.1569425959450503,
            "count": 23
        },
        "Foosbots_MultiRod_5.Losses.PolicyLoss.sum": {
            "value": 0.013815216223398845,
            "min": 0.011841917239750425,
            "max": 0.1569425959450503,
            "count": 23
        },
        "Foosbots_MultiRod_5.Losses.ValueLoss.mean": {
            "value": 2656.991805013021,
            "min": 714.9315195719402,
            "max": 9106.567757161458,
            "count": 23
        },
        "Foosbots_MultiRod_5.Losses.ValueLoss.sum": {
            "value": 2656.991805013021,
            "min": 714.9315195719402,
            "max": 9106.567757161458,
            "count": 23
        },
        "Foosbots_MultiRod_5.Policy.LearningRate.mean": {
            "value": 0.0003,
            "min": 0.0003,
            "max": 0.0003,
            "count": 23
        },
        "Foosbots_MultiRod_5.Policy.LearningRate.sum": {
            "value": 0.0003,
            "min": 0.0003,
            "max": 0.0003,
            "count": 23
        },
        "Foosbots_MultiRod_5.Policy.Epsilon.mean": {
            "value": 0.10409839999999997,
            "min": 0.10409839999999997,
            "max": 0.19575760000000006,
            "count": 23
        },
        "Foosbots_MultiRod_5.Policy.Epsilon.sum": {
            "value": 0.10409839999999997,
            "min": 0.10409839999999997,
            "max": 0.19575760000000006,
            "count": 23
        },
        "Foosbots_MultiRod_5.Policy.Beta.mean": {
            "value": 0.005000000000000001,
            "min": 0.005000000000000001,
            "max": 0.005000000000000001,
            "count": 23
        },
        "Foosbots_MultiRod_5.Policy.Beta.sum": {
            "value": 0.005000000000000001,
            "min": 0.005000000000000001,
            "max": 0.005000000000000001,
            "count": 23
        }
    },
    "metadata": {
        "timer_format_version": "0.1.0",
        "start_time_seconds": "1669390986",
        "python_version": "3.7.7 (default, May  6 2020, 11:45:54) [MSC v.1916 64 bit (AMD64)]",
        "command_line_arguments": "C:\\Users\\meado\\anaconda3\\envs\\foosbot_env\\Scripts\\mlagents-learn config/foosball_config.yaml --run-id attack_3_3",
        "mlagents_version": "0.28.0",
        "mlagents_envs_version": "0.28.0",
        "communication_protocol_version": "1.5.0",
        "pytorch_version": "1.7.1+cu110",
        "numpy_version": "1.21.5",
        "end_time_seconds": "1669395959"
    },
    "total": 4973.820348599999,
    "count": 1,
    "self": 0.009356599998682213,
    "children": {
        "run_training.setup": {
            "total": 0.24395670000000003,
            "count": 1,
            "self": 0.24395670000000003
        },
        "TrainerController.start_learning": {
            "total": 4973.5670353000005,
            "count": 1,
            "self": 10.249850600019272,
            "children": {
                "TrainerController._reset_env": {
                    "total": 14.964234400000002,
                    "count": 1,
                    "self": 14.964234400000002
                },
                "TrainerController.advance": {
                    "total": 4948.28890539998,
                    "count": 500452,
                    "self": 10.61734019987216,
                    "children": {
                        "env_step": {
                            "total": 4815.022350099991,
                            "count": 500452,
                            "self": 3270.237632999906,
                            "children": {
                                "SubprocessEnvManager._take_step": {
                                    "total": 1538.2505426000405,
                                    "count": 500452,
                                    "self": 33.01016050002568,
                                    "children": {
                                        "TorchPolicy.evaluate": {
                                            "total": 1505.2403821000148,
                                            "count": 500023,
                                            "self": 998.8618644999306,
                                            "children": {
                                                "TorchPolicy.sample_actions": {
                                                    "total": 506.37851760008425,
                                                    "count": 500023,
                                                    "self": 506.37851760008425
                                                }
                                            }
                                        }
                                    }
                                },
                                "workers": {
                                    "total": 6.534174500044596,
                                    "count": 500452,
                                    "self": 0.0,