{
    "name": "root",
    "gauges": {
        "Foosbots_MultiRod_5.Policy.Entropy.mean": {
            "value": 1.4191687107086182,
            "min": 1.4174550771713257,
            "max": 1.4216976165771484,
            "count": 50
        },
        "Foosbots_MultiRod_5.Policy.Entropy.sum": {
            "value": 28383.375,
            "min": 27480.79296875,
            "max": 29576.6171875,
            "count": 50
        },
        "Foosbots_MultiRod_5.Step.mean": {
            "value": 499701.0,
            "min": 9500.0,
            "max": 499701.0,
            "count": 50
        },
        "Foosbots_MultiRod_5.Step.sum": {
            "value": 499701.0,
            "min": 9500.0,
            "max": 499701.0,
            "count": 50
        },
        "Foosbots_MultiRod_5.Policy.ExtrinsicValueEstimate.mean": {
            "value": 0.17726421356201172,
            "min": -0.37541258335113525,
            "max": 0.2347322404384613,
            "count": 50
        },
        "Foosbots_MultiRod_5.Policy.ExtrinsicValueEstimate.sum": {
            "value": 3.5452842712402344,
            "min": -7.508251667022705,
            "max": 4.694644927978516,
            "count": 50
        },
        "Foosbots_MultiRod_5.Environment.EpisodeLength.mean": {
            "value": 999.0,
            "min": 911.0,
            "max": 999.0,
            "count": 50
        },
        "Foosbots_MultiRod_5.Environment.EpisodeLength.sum": {
            "value": 19980.0,
            "min": 18251.0,
            "max": 21206.0,
            "count": 50
        },
        "Foosbots_MultiRod_5.Self-play.ELO.mean": {
            "value": 1224.8470217039046,
            "min": 1200.1495686806934,
            "max": 1224.8470217039046,
            "count": 50
        },
        "Foosbots_MultiRod_5.Self-play.ELO.sum": {
            "value": 12248.470217039046,
            "min": 10940.405792596966,
            "max": 14563.784619759937,
            "count": 50
        },
        "Foosbots_MultiRod_5.Environment.CumulativeReward.mean": {
            "value": 0.005519999330863357,
            "min": -0.18381000217050314,
            "max": 0.12520908105017786,
            "count": 50
        },
        "Foosbots_MultiRod_5.Environment.CumulativeReward.sum": {
            "value": 0.055199993308633566,
            "min": -1.8381000217050314,
            "max": 1.3772998915519565,
            "count": 50
        },
        "Foosbots_MultiRod_5.Policy.ExtrinsicReward.mean": {
            "value": 0.005519999330863357,
            "min": -0.18381000217050314,
            "max": 0.12520908105017786,
            "count": 50
        },
        "Foosbots_MultiRod_5.Policy.ExtrinsicReward.sum": {
            "value": 0.055199993308633566,
            "min": -1.8381000217050314,
            "max": 1.3772998915519565,
            "count": 50
        },
        "Foosbots_MultiRod_5.IsTraining.mean": {
            "value": 1.0,
            "min": 1.0,
            "max": 1.0,
            "count": 50
        },
        "Foosbots_MultiRod_5.IsTraining.sum": {
            "value": 1.0,
            "min": 1.0,
            "max": 1.0,
            "count": 50
        },
        "Foosbots_MultiRod_5.Losses.PolicyLoss.mean": {
            "value": 0.010800569574348629,
            "min": 0.008682472525833873,
            "max": 0.013278911725258998,
            "count": 9
        },
        "Foosbots_MultiRod_5.Losses.PolicyLoss.sum": {
            "value": 0.010800569574348629,
            "min": 0.008682472525833873,
            "max": 0.013278911725258998,
            "count": 9
        },
        "Foosbots_MultiRod_5.Losses.ValueLoss.mean": {
            "value": 0.0006909281645979111,
            "min": 0.0006909281645979111,
            "max": 0.8699690094993761,
            "count": 9
        },
        "Foosbots_MultiRod_5.Losses.ValueLoss.sum": {
            "value": 0.0006909281645979111,
            "min": 0.0006909281645979111,
            "max": 0.8699690094993761,
            "count": 9
        },
        "Foosbots_MultiRod_5.Policy.LearningRate.mean": {
            "value": 0.0003729900925402002,
            "min": 0.0003729900925402002,
            "max": 0.0044850000103,
            "count": 9
        },
        "Foosbots_MultiRod_5.Policy.LearningRate.sum": {
            "value": 0.0003729900925402002,
            "min": 0.0003729900925402002,
            "max": 0.0044850000103,
            "count": 9
        },
        "Foosbots_MultiRod_5.Policy.Epsilon.mean": {
            "value": 0.10745980000000001,
            "min": 0.10745980000000001,
            "max": 0.18970000000000006,
            "count": 9
        },
        "Foosbots_MultiRod_5.Policy.Epsilon.sum": {
            "value": 0.10745980000000001,
            "min": 0.10745980000000001,
            "max": 0.18970000000000006,
            "count": 9
        },
        "Foosbots_MultiRod_5.Policy.Beta.mean": {
            "value": 0.0003822440200000003,
            "min": 0.0003822440200000003,
            "max": 0.00448603,
            "count": 9
        },
        "Foosbots_MultiRod_5.Policy.Beta.sum": {
            "value": 0.0003822440200000003,
            "min": 0.0003822440200000003,
            "max": 0.00448603,
            "count": 9
        }
    },
    "metadata": {
        "timer_format_version": "0.1.0",
        "start_time_seconds": "1669820760",
        "python_version": "3.7.7 (default, May  6 2020, 11:45:54) [MSC v.1916 64 bit (AMD64)]",
        "command_line_arguments": "C:\\Users\\meado\\anaconda3\\envs\\foosbot_env\\Scripts\\mlagents-learn config/foosball_config.yaml --run-id foosball_test_5",
        "mlagents_version": "0.28.0",
        "mlagents_envs_version": "0.28.0",
        "communication_protocol_version": "1.5.0",
        "pytorch_version": "1.7.1+cu110",
        "numpy_version": "1.21.5",
        "end_time_seconds": "1669828632"
    },
    "total": 7871.7946447,
    "count": 1,
    "self": 0.013194400000429596,
    "children": {
        "run_training.setup": {
            "total": 0.23923209999999973,
            "count": 1,
            "self": 0.23923209999999973
        },
        "TrainerController.start_learning": {
            "total": 7871.5422182,
            "count": 1,
            "self": 10.80107410016717,
            "children": {
                "TrainerController._reset_env": {
                    "total": 9.665323300000434,
                    "count": 5,
                    "self": 9.665323300000434
                },
                "TrainerController.advance": {
                    "total": 7850.970844499833,
                    "count": 501196,
                    "self": 11.085016300025927,
                    "children": {
                        "env_step": {
                            "total": 7701.399930799915,
                            "count": 501196,
                            "self": 5495.289040199767,
                            "children": {
                                "SubprocessEnvManager._take_step": {
                                    "total": 2199.1264965998707,
                                    "count": 501196,
                                    "self": 61.06101699968849,
                                    "children": {
                                        "TorchPolicy.evaluate": {
                                            "total": 2138.0654796001822,
                                            "count": 1000402,
                                            "self": 1089.5921801005254,
                                            "children": {
                                                "TorchPolicy.sample_actions": {
                                                    "total": 1048.4732994996568,
                                                    "count": 1000402,