{
    "name": "root",
    "metadata": {
        "timer_format_version": "0.1.0",
        "start_time_seconds": "1669573728",
        "python_version": "3.7.7 (default, May  6 2020, 11:45:54) [MSC v.1916 64 bit (AMD64)]",
        "command_line_arguments": "C:\\Users\\meado\\anaconda3\\envs\\foosbot_env\\Scripts\\mlagents-learn config/attack_config.yaml --run-id attack_5_7",
        "mlagents_version": "0.28.0",
        "mlagents_envs_version": "0.28.0",
        "communication_protocol_version": "1.5.0",
        "pytorch_version": "1.7.1+cu110",
        "numpy_version": "1.21.5",
        "end_time_seconds": "1669573760"
    },
    "total": 31.776688500000002,
    "count": 1,
    "self": 10.027111200000004,
    "children": {
        "run_training.setup": {
            "total": 0.24949779999999988,
            "count": 1,
            "self": 0.24949779999999988
        },
        "TrainerController.start_learning": {
            "total": 21.5000795,
            "count": 1,
            "self": 0.005044799999978977,
            "children": {
                "TrainerController._reset_env": {
                    "total": 15.283241700000001,
                    "count": 1,
                    "self": 15.283241700000001
                },
                "TrainerController.advance": {
                    "total": 6.135541500000016,
                    "count": 217,
                    "self": 0.004673000000057215,
                    "children": {
                        "env_step": {
                            "total": 6.125451400000003,
                            "count": 217,
                            "self": 5.431433999999999,
                            "children": {
                                "SubprocessEnvManager._take_step": {
                                    "total": 0.6914437999999947,
                                    "count": 217,
                                    "self": 0.013835599999953985,
                                    "children": {
                                        "TorchPolicy.evaluate": {
                                            "total": 0.6776082000000407,
                                            "count": 217,
                                            "self": 0.16445710000003544,
                                            "children": {
                                                "TorchPolicy.sample_actions": {
                                                    "total": 0.5131511000000053,
                                                    "count": 217,
                                                    "self": 0.5131511000000053
                                                }
                                            }
                                        }
                                    }
                                },
                                "workers": {
                                    "total": 0.0025736000000087245,
                                    "count": 216,
                                    "self": 0.0,
                                    "children": {
                                        "worker_root": {
                                            "total": 5.039098500000021,
                                            "count": 216,
                                            "is_parallel": true,
                                            "self": 2.365237600000027,
                                            "children": {
                                                "steps_from_proto": {
                                                    "total": 0.00037739999999963914,
                                                    "count": 1,
                                                    "is_parallel": true,
                                                    "self": 0.00014849999999988484,
                                                    "children": {
                                                        "_process_rank_one_or_two_observation": {
                                                            "total": 0.0002288999999997543,
                                                            "count": 2,
                                                            "is_parallel": true,
                                                            "self": 0.0002288999999997543
                                                        }
                                                    }
                                                },
                                                "UnityEnvironment.step": {
                                                    "total": 2.6734834999999944,
                                                    "count": 216,
                                                    "is_parallel": true,
                                                    "self": 0.019284200000003082,
                                                    "children": {
                                                        "UnityEnvironment._generate_step_input": {
                                                            "total": 0.01618260000000049,
                                                            "count": 216,
                                                            "is_parallel": true,
                                                            "self": 0.01618260000000049
                                                        },
                                                        "communicator.exchange": {
                                                            "total": 2.590004299999997,
                                                            "count": 216,
                                                            "is_parallel": true,
                                                            "self": 2.590004299999997
                                                        },
                                                        "steps_from_proto": {
                                                            "total": 0.04801239999999396,
                                                            "count": 216,
                                                            "is_parallel": true,
                                                            "self": 0.026684700000028982,
                                                            "children": {
                                                                "_process_rank_one_or_two_observation": {
                                                                    "total": 0.021327699999964977,
                                                                    "count": 432,
                                                                    "is_parallel": true,
                                                                    "self": 0.021327699999964977
                                                                }
                                                            }
                                                        }
                                                    }
                                                }
                                            }
                                        }
                                    }
                                }
                            }
                        },
                        "trainer_advance": {
                            "total": 0.005417099999956321,
                            "count": 216,
                            "self": 0.0037640999999588587,
                            "children": {
                                "process_trajectory": {
                                    "total": 0.001652999999997462,
                                    "count": 216,