{
    "name": "root",
    "metadata": {
        "timer_format_version": "0.1.0",
        "start_time_seconds": "1669219437",
        "python_version": "3.7.7 (default, May  6 2020, 11:45:54) [MSC v.1916 64 bit (AMD64)]",
        "command_line_arguments": "C:\\Users\\meado\\anaconda3\\envs\\foosbot_env\\Scripts\\mlagents-learn config/foosball_config.yaml --run-id attack_1_7",
        "mlagents_version": "0.28.0",
        "mlagents_envs_version": "0.28.0",
        "communication_protocol_version": "1.5.0",
        "pytorch_version": "1.7.1+cu110",
        "numpy_version": "1.21.5",
        "end_time_seconds": "1669219472"
    },
    "total": 35.0331271,
    "count": 1,
    "self": 0.007340600000006248,
    "children": {
        "run_training.setup": {
            "total": 0.21595720000000007,
            "count": 1,
            "self": 0.21595720000000007
        },
        "TrainerController.start_learning": {
            "total": 34.8098293,
            "count": 1,
            "self": 0.04388820000004756,
            "children": {
                "TrainerController._reset_env": {
                    "total": 15.5411221,
                    "count": 1,
                    "self": 15.5411221
                },
                "TrainerController.advance": {
                    "total": 19.101071099999942,
                    "count": 2118,
                    "self": 0.046835499999925645,
                    "children": {
                        "env_step": {
                            "total": 18.87242580000008,
                            "count": 2118,
                            "self": 14.14391729999992,
                            "children": {
                                "SubprocessEnvManager._take_step": {
                                    "total": 4.702469500000131,
                                    "count": 2118,
                                    "self": 0.13166630000016966,
                                    "children": {
                                        "TorchPolicy.evaluate": {
                                            "total": 4.570803199999961,
                                            "count": 2118,
                                            "self": 2.149981999999987,
                                            "children": {
                                                "TorchPolicy.sample_actions": {
                                                    "total": 2.420821199999974,
                                                    "count": 2118,
                                                    "self": 2.420821199999974
                                                }
                                            }
                                        }
                                    }
                                },
                                "workers": {
                                    "total": 0.026039000000029233,
                                    "count": 2117,
                                    "self": 0.0,
                                    "children": {
                                        "worker_root": {
                                            "total": 20.495417799999935,
                                            "count": 2117,
                                            "is_parallel": true,
                                            "self": 8.376028299999964,
                                            "children": {
                                                "steps_from_proto": {
                                                    "total": 0.0005366000000002202,
                                                    "count": 1,
                                                    "is_parallel": true,
                                                    "self": 0.00023610000000040543,
                                                    "children": {
                                                        "_process_rank_one_or_two_observation": {
                                                            "total": 0.0003004999999998148,
                                                            "count": 2,
                                                            "is_parallel": true,
                                                            "self": 0.0003004999999998148
                                                        }
                                                    }
                                                },
                                                "UnityEnvironment.step": {
                                                    "total": 12.11885289999997,
                                                    "count": 2117,
                                                    "is_parallel": true,
                                                    "self": 0.17916400000025234,
                                                    "children": {
                                                        "UnityEnvironment._generate_step_input": {
                                                            "total": 0.1507122999998849,
                                                            "count": 2117,
                                                            "is_parallel": true,
                                                            "self": 0.1507122999998849
                                                        },
                                                        "communicator.exchange": {
                                                            "total": 11.327734899999802,
                                                            "count": 2117,
                                                            "is_parallel": true,
                                                            "self": 11.327734899999802
                                                        },
                                                        "steps_from_proto": {
                                                            "total": 0.4612417000000306,
                                                            "count": 2117,
                                                            "is_parallel": true,
                                                            "self": 0.25646020000004555,
                                                            "children": {
                                                                "_process_rank_one_or_two_observation": {
                                                                    "total": 0.20478149999998507,
                                                                    "count": 4234,
                                                                    "is_parallel": true,
                                                                    "self": 0.20478149999998507
                                                                }
                                                            }
                                                        }
                                                    }
                                                }
                                            }
                                        }
                                    }
                                }
                            }
                        },
                        "trainer_advance": {
                            "total": 0.18180979999993596,
                            "count": 2117,
                            "self": 0.0516331999998485,
                            "children": {
                                "process_trajectory": {
                                    "total": 0.13017660000008746,
                                    "count": 2117,
                                    "self": 0.13017660000008746
                                }
                            }
                        }
                    }
                },