{
    "name": "root",
    "gauges": {
        "Foosbots_MultiRod_5.Policy.Entropy.mean": {
            "value": 1.418938398361206,
            "min": 1.4189382791519165,
            "max": 1.418938398361206,
            "count": 2
        },
        "Foosbots_MultiRod_5.Policy.Entropy.sum": {
            "value": 28645.52734375,
            "min": 28645.52734375,
            "max": 28909.44921875,
            "count": 2
        },
        "Foosbots_MultiRod_5.Step.mean": {
            "value": 19781.0,
            "min": 9777.0,
            "max": 19781.0,
            "count": 2
        },
        "Foosbots_MultiRod_5.Step.sum": {
            "value": 19781.0,
            "min": 9777.0,
            "max": 19781.0,
            "count": 2
        },
        "Foosbots_MultiRod_5.Policy.ExtrinsicValueEstimate.mean": {
            "value": -0.07124775648117065,
            "min": -0.10876120626926422,
            "max": -0.07124775648117065,
            "count": 2
        },
        "Foosbots_MultiRod_5.Policy.ExtrinsicValueEstimate.sum": {
            "value": -1.496202826499939,
            "min": -2.1752240657806396,
            "max": -1.496202826499939,
            "count": 2
        },
        "Foosbots_MultiRod_5.Environment.EpisodeLength.mean": {
            "value": 955.8571428571429,
            "min": 955.8571428571429,
            "max": 960.2857142857143,
            "count": 2
        },
        "Foosbots_MultiRod_5.Environment.EpisodeLength.sum": {
            "value": 20073.0,
            "min": 20073.0,
            "max": 20166.0,
            "count": 2
        },
        "Foosbots_MultiRod_5.Self-play.ELO.mean": {
            "value": 1199.6466192801531,
            "min": 1199.6466192801531,
            "max": 1199.8212898801812,
            "count": 2
        },
        "Foosbots_MultiRod_5.Self-play.ELO.sum": {
            "value": 13196.112812081685,
            "min": 13196.112812081685,
            "max": 13198.034188681993,
            "count": 2
        },
        "Foosbots_MultiRod_5.Environment.CumulativeReward.mean": {
            "value": -0.07990909249267795,
            "min": -0.07990909249267795,
            "max": 0.00196000337600708,
            "count": 2
        },
        "Foosbots_MultiRod_5.Environment.CumulativeReward.sum": {
            "value": -0.8790000174194574,
            "min": -0.8790000174194574,
            "max": 0.0196000337600708,
            "count": 2
        },
        "Foosbots_MultiRod_5.Policy.ExtrinsicReward.mean": {
            "value": -0.07990909249267795,
            "min": -0.07990909249267795,
            "max": 0.00196000337600708,
            "count": 2
        },
        "Foosbots_MultiRod_5.Policy.ExtrinsicReward.sum": {
            "value": -0.8790000174194574,
            "min": -0.8790000174194574,
            "max": 0.0196000337600708,
            "count": 2
        },
        "Foosbots_MultiRod_5.IsTraining.mean": {
            "value": 1.0,
            "min": 1.0,
            "max": 1.0,
            "count": 2
        },
        "Foosbots_MultiRod_5.IsTraining.sum": {
            "value": 1.0,
            "min": 1.0,
            "max": 1.0,
            "count": 2
        }
    },
    "metadata": {
        "timer_format_version": "0.1.0",
        "start_time_seconds": "1669755619",
        "python_version": "3.7.7 (default, May  6 2020, 11:45:54) [MSC v.1916 64 bit (AMD64)]",
        "command_line_arguments": "C:\\Users\\meado\\anaconda3\\envs\\foosbot_env\\Scripts\\mlagents-learn config/foosball_config.yaml --run-id foosball_test_2",
        "mlagents_version": "0.28.0",
        "mlagents_envs_version": "0.28.0",
        "communication_protocol_version": "1.5.0",
        "pytorch_version": "1.7.1+cu110",
        "numpy_version": "1.21.5",
        "end_time_seconds": "1669756019"
    },
    "total": 399.86149520000004,
    "count": 1,
    "self": 0.01171310000000858,
    "children": {
        "run_training.setup": {
            "total": 0.24134699999999976,
            "count": 1,
            "self": 0.24134699999999976
        },
        "TrainerController.start_learning": {
            "total": 399.6084351,
            "count": 1,
            "self": 0.49485499999775584,
            "children": {
                "TrainerController._reset_env": {
                    "total": 38.7632191,
                    "count": 1,
                    "self": 38.7632191
                },
                "TrainerController.advance": {
                    "total": 360.2157439000023,
                    "count": 22838,
                    "self": 0.5161761000023262,
                    "children": {
                        "env_step": {
                            "total": 356.9685317000008,
                            "count": 22838,
                            "self": 251.02846859999877,
                            "children": {
                                "SubprocessEnvManager._take_step": {
                                    "total": 105.62786500000286,
                                    "count": 22838,
                                    "self": 2.9198752000007175,
                                    "children": {
                                        "TorchPolicy.evaluate": {
                                            "total": 102.70798980000214,
                                            "count": 45586,
                                            "self": 57.196554900003854,
                                            "children": {
                                                "TorchPolicy.sample_actions": {
                                                    "total": 45.511434899998285,
                                                    "count": 45586,
                                                    "self": 45.511434899998285
                                                }
                                            }
                                        }
                                    }
                                },
                                "workers": {
                                    "total": 0.31219809999919335,
                                    "count": 22837,
                                    "self": 0.0,
                                    "children": {
                                        "worker_root": {
                                            "total": 361.59721180000173,
                                            "count": 22837,
                                            "is_parallel": true,
                                            "self": 137.72607380000125,
                                            "children": {
                                                "steps_from_proto": {
                                                    "total": 0.0005725999999981468,
                                                    "count": 2,
                                                    "is_parallel": true,
                                                    "self": 0.00032530000000008386,
                                                    "children": {
                                                        "_process_rank_one_or_two_observation": {
                                                            "total": 0.00024729999999806296,
                                                            "count": 4,
                                                            "is_parallel": true,
                                                            "self": 0.00024729999999806296
                                                        }
                                                    }
                                                },
                                                "UnityEnvironment.step": {
                                                    "total": 223.8705654000005,
                                                    "count": 22837,