{
    "name": "root",
    "metadata": {
        "timer_format_version": "0.1.0",
        "start_time_seconds": "1669573308",
        "python_version": "3.7.7 (default, May  6 2020, 11:45:54) [MSC v.1916 64 bit (AMD64)]",
        "command_line_arguments": "C:\\Users\\meado\\anaconda3\\envs\\foosbot_env\\Scripts\\mlagents-learn config/attack_config.yaml --run-id attack_5_6",
        "mlagents_version": "0.28.0",
        "mlagents_envs_version": "0.28.0",
        "communication_protocol_version": "1.5.0",
        "pytorch_version": "1.7.1+cu110",
        "numpy_version": "1.21.5",
        "end_time_seconds": "1669573398"
    },
    "total": 90.294774,
    "count": 1,
    "self": 0.010991399999994655,
    "children": {
        "run_training.setup": {
            "total": 0.22208479999999975,
            "count": 1,
            "self": 0.22208479999999975
        },
        "TrainerController.start_learning": {
            "total": 90.0616978,
            "count": 1,
            "self": 0.1552129999995202,
            "children": {
                "TrainerController._reset_env": {
                    "total": 14.758152399999998,
                    "count": 1,
                    "self": 14.758152399999998
                },
                "TrainerController.advance": {
                    "total": 75.02793640000048,
                    "count": 7585,
                    "self": 0.16413970000077427,
                    "children": {
                        "env_step": {
                            "total": 74.30262439999997,
                            "count": 7585,
                            "self": 50.68678639999999,
                            "children": {
                                "SubprocessEnvManager._take_step": {
                                    "total": 23.518622599999947,
                                    "count": 7585,
                                    "self": 0.49334250000023516,
                                    "children": {
                                        "TorchPolicy.evaluate": {
                                            "total": 23.025280099999712,
                                            "count": 7577,
                                            "self": 15.39005919999984,
                                            "children": {
                                                "TorchPolicy.sample_actions": {
                                                    "total": 7.635220899999872,
                                                    "count": 7577,
                                                    "self": 7.635220899999872
                                                }
                                            }
                                        }
                                    }
                                },
                                "workers": {
                                    "total": 0.09721540000003515,
                                    "count": 7584,
                                    "self": 0.0,
                                    "children": {
                                        "worker_root": {
                                            "total": 76.39558679999986,
                                            "count": 7584,
                                            "is_parallel": true,
                                            "self": 33.06668489999974,
                                            "children": {
                                                "steps_from_proto": {
                                                    "total": 0.000520800000000321,
                                                    "count": 1,
                                                    "is_parallel": true,
                                                    "self": 0.0002279000000005027,
                                                    "children": {
                                                        "_process_rank_one_or_two_observation": {
                                                            "total": 0.0002928999999998183,
                                                            "count": 2,
                                                            "is_parallel": true,
                                                            "self": 0.0002928999999998183
                                                        }
                                                    }
                                                },
                                                "UnityEnvironment.step": {
                                                    "total": 43.32838110000012,
                                                    "count": 7584,
                                                    "is_parallel": true,
                                                    "self": 0.6513813000001889,
                                                    "children": {
                                                        "UnityEnvironment._generate_step_input": {
                                                            "total": 0.5556202000000834,
                                                            "count": 7584,
                                                            "is_parallel": true,
                                                            "self": 0.5556202000000834
                                                        },
                                                        "communicator.exchange": {
                                                            "total": 40.438691600000126,
                                                            "count": 7584,
                                                            "is_parallel": true,
                                                            "self": 40.438691600000126
                                                        },
                                                        "steps_from_proto": {
                                                            "total": 1.6826879999997182,
                                                            "count": 7584,
                                                            "is_parallel": true,
                                                            "self": 0.9361813999984161,
                                                            "children": {
                                                                "_process_rank_one_or_two_observation": {
                                                                    "total": 0.7465066000013021,
                                                                    "count": 15168,
                                                                    "is_parallel": true,
                                                                    "self": 0.7465066000013021
                                                                }
                                                            }
                                                        }
                                                    }
                                                }
                                            }
                                        }
                                    }
                                }
                            }
                        },
                        "trainer_advance": {
                            "total": 0.5611722999997397,
                            "count": 7584,
                            "self": 0.19038320000021258,
                            "children": {
                                "process_trajectory": {
                                    "total": 0.37078909999952714,
                                    "count": 7584,
                                    "self": 0.37078909999952714
                                }
                            }
                        }
                    }
                },