{
    "name": "root",
    "gauges": {
        "Attack_Rod.Policy.Entropy.mean": {
            "value": 1.4211426973342896,
            "min": 1.4189382791519165,
            "max": 1.4211426973342896,
            "count": 3
        },
        "Attack_Rod.Policy.Entropy.sum": {
            "value": 14001.09765625,
            "min": 14001.09765625,
            "max": 14737.09375,
            "count": 3
        },
        "Attack_Rod.Environment.EpisodeLength.mean": {
            "value": 910.6923076923077,
            "min": 910.6923076923077,
            "max": 1338.1666666666667,
            "count": 3
        },
        "Attack_Rod.Environment.EpisodeLength.sum": {
            "value": 11839.0,
            "min": 8029.0,
            "max": 11839.0,
            "count": 3
        },
        "Attack_Rod.Step.mean": {
            "value": 29956.0,
            "min": 9886.0,
            "max": 29956.0,
            "count": 3
        },
        "Attack_Rod.Step.sum": {
            "value": 29956.0,
            "min": 9886.0,
            "max": 29956.0,
            "count": 3
        },
        "Attack_Rod.Policy.ExtrinsicValueEstimate.mean": {
            "value": -0.27020445466041565,
            "min": -0.27020445466041565,
            "max": 0.6684693098068237,
            "count": 3
        },
        "Attack_Rod.Policy.ExtrinsicValueEstimate.sum": {
            "value": -5.133884429931641,
            "min": -5.133884429931641,
            "max": 9.358570098876953,
            "count": 3
        },
        "Attack_Rod.Environment.CumulativeReward.mean": {
            "value": -0.6444791780474285,
            "min": -0.6444791780474285,
            "max": -0.38047999832779167,
            "count": 3
        },
        "Attack_Rod.Environment.CumulativeReward.sum": {
            "value": -7.733750136569142,
            "min": -7.733750136569142,
            "max": -3.2264000456780195,
            "count": 3
        },
        "Attack_Rod.Policy.ExtrinsicReward.mean": {
            "value": -0.6444791780474285,
            "min": -0.6444791780474285,
            "max": -0.38047999832779167,
            "count": 3
        },
        "Attack_Rod.Policy.ExtrinsicReward.sum": {
            "value": -7.733750136569142,
            "min": -7.733750136569142,
            "max": -3.2264000456780195,
            "count": 3
        },
        "Attack_Rod.IsTraining.mean": {
            "value": 1.0,
            "min": 1.0,
            "max": 1.0,
            "count": 3
        },
        "Attack_Rod.IsTraining.sum": {
            "value": 1.0,
            "min": 1.0,
            "max": 1.0,
            "count": 3
        },
        "Attack_Rod.Losses.PolicyLoss.mean": {
            "value": 0.03429638746504982,
            "min": 0.03429638746504982,
            "max": 0.03429638746504982,
            "count": 1
        },
        "Attack_Rod.Losses.PolicyLoss.sum": {
            "value": 0.03429638746504982,
            "min": 0.03429638746504982,
            "max": 0.03429638746504982,
            "count": 1
        },
        "Attack_Rod.Losses.ValueLoss.mean": {
            "value": 3.8546574051181475,
            "min": 3.8546574051181475,
            "max": 3.8546574051181475,
            "count": 1
        },
        "Attack_Rod.Losses.ValueLoss.sum": {
            "value": 3.8546574051181475,
            "min": 3.8546574051181475,
            "max": 3.8546574051181475,
            "count": 1
        },
        "Attack_Rod.Policy.LearningRate.mean": {
            "value": 0.0003,
            "min": 0.0003,
            "max": 0.0003,
            "count": 1
        },
        "Attack_Rod.Policy.LearningRate.sum": {
            "value": 0.0003,
            "min": 0.0003,
            "max": 0.0003,
            "count": 1
        },
        "Attack_Rod.Policy.Epsilon.mean": {
            "value": 0.19581580000000004,
            "min": 0.19581580000000004,
            "max": 0.19581580000000004,
            "count": 1
        },
        "Attack_Rod.Policy.Epsilon.sum": {
            "value": 0.19581580000000004,
            "min": 0.19581580000000004,
            "max": 0.19581580000000004,
            "count": 1
        },
        "Attack_Rod.Policy.Beta.mean": {
            "value": 0.005000000000000001,
            "min": 0.005000000000000001,
            "max": 0.005000000000000001,
            "count": 1
        },
        "Attack_Rod.Policy.Beta.sum": {
            "value": 0.005000000000000001,
            "min": 0.005000000000000001,
            "max": 0.005000000000000001,
            "count": 1
        }
    },
    "metadata": {
        "timer_format_version": "0.1.0",
        "start_time_seconds": "1669680248",
        "python_version": "3.7.7 (default, May  6 2020, 11:45:54) [MSC v.1916 64 bit (AMD64)]",
        "command_line_arguments": "C:\\Users\\meado\\anaconda3\\envs\\foosbot_env\\Scripts\\mlagents-learn config/attack_config.yaml --run-id attack_test_3",
        "mlagents_version": "0.28.0",
        "mlagents_envs_version": "0.28.0",
        "communication_protocol_version": "1.5.0",
        "pytorch_version": "1.7.1+cu110",
        "numpy_version": "1.21.5",
        "end_time_seconds": "1669680616"
    },
    "total": 368.5738231,
    "count": 1,
    "self": 0.0069865000000390864,
    "children": {
        "run_training.setup": {
            "total": 0.2377872000000001,
            "count": 1,
            "self": 0.2377872000000001
        },
        "TrainerController.start_learning": {
            "total": 368.3290494,
            "count": 1,
            "self": 0.7291235999969672,
            "children": {
                "TrainerController._reset_env": {
                    "total": 8.8245083,
                    "count": 1,
                    "self": 8.8245083
                },
                "TrainerController.advance": {
                    "total": 358.66693400000304,
                    "count": 32439,
                    "self": 0.7561287000046377,
                    "children": {
                        "env_step": {
                            "total": 350.925001899999,
                            "count": 32439,
                            "self": 273.4111655000033,
                            "children": {
                                "SubprocessEnvManager._take_step": {
                                    "total": 77.05759499999793,
                                    "count": 32439,
                                    "self": 2.2825090999995865,
                                    "children": {
                                        "TorchPolicy.evaluate": {
                                            "total": 74.77508589999834,
                                            "count": 32409,
                                            "self": 39.376812200003826,
                                            "children": {
                                                "TorchPolicy.sample_actions": {
                                                    "total": 35.39827369999452,
                                                    "count": 32409,
                                                    "self": 35.39827369999452
                                                }
                                            }
                                        }
                                    }
                                },
                                "workers": {
                                    "total": 0.4562413999978041,
                                    "count": 32438,
                                    "self": 0.0,
                                    "children": {
                                        "worker_root": {
                                            "total": 359.76006179999916,
                                            "count": 32438,
                                            "is_parallel": true,
                                            "self": 119.48828170000195,