{
    "name": "root",
    "gauges": {
        "Attack_Rod.Policy.Entropy.mean": {
            "value": 1.4243887662887573,
            "min": 1.4189382791519165,
            "max": 1.4244745969772339,
            "count": 10
        },
        "Attack_Rod.Policy.Entropy.sum": {
            "value": 14510.248046875,
            "min": 13441.6025390625,
            "max": 15604.064453125,
            "count": 10
        },
        "Attack_Rod.Environment.EpisodeLength.mean": {
            "value": 1696.8333333333333,
            "min": 492.9130434782609,
            "max": 1767.0,
            "count": 10
        },
        "Attack_Rod.Environment.EpisodeLength.sum": {
            "value": 10181.0,
            "min": 8730.0,
            "max": 11337.0,
            "count": 10
        },
        "Attack_Rod.Step.mean": {
            "value": 99657.0,
            "min": 9997.0,
            "max": 99657.0,
            "count": 10
        },
        "Attack_Rod.Step.sum": {
            "value": 99657.0,
            "min": 9997.0,
            "max": 99657.0,
            "count": 10
        },
        "Attack_Rod.Policy.ExtrinsicValueEstimate.mean": {
            "value": 5.01676082611084,
            "min": 4.596458435058594,
            "max": 13.326194763183594,
            "count": 10
        },
        "Attack_Rod.Policy.ExtrinsicValueEstimate.sum": {
            "value": 70.23464965820312,
            "min": 70.23464965820312,
            "max": 289.2359619140625,
            "count": 10
        },
        "Attack_Rod.Environment.CumulativeReward.mean": {
            "value": -0.34604165827234584,
            "min": -0.7790590830316598,
            "max": 0.1521499906666577,
            "count": 10
        },
        "Attack_Rod.Environment.CumulativeReward.sum": {
            "value": -2.076249949634075,
            "min": -17.139299826696515,
            "max": 1.2171999253332615,
            "count": 10
        },
        "Attack_Rod.Policy.ExtrinsicReward.mean": {
            "value": -0.34604165827234584,
            "min": -0.7790590830316598,
            "max": 0.1521499906666577,
            "count": 10
        },
        "Attack_Rod.Policy.ExtrinsicReward.sum": {
            "value": -2.076249949634075,
            "min": -17.139299826696515,
            "max": 1.2171999253332615,
            "count": 10
        },
        "Attack_Rod.IsTraining.mean": {
            "value": 1.0,
            "min": 1.0,
            "max": 1.0,
            "count": 10
        },
        "Attack_Rod.IsTraining.sum": {
            "value": 1.0,
            "min": 1.0,
            "max": 1.0,
            "count": 10
        },
        "Attack_Rod.Losses.PolicyLoss.mean": {
            "value": 0.013384894747287036,
            "min": 0.013384894747287036,
            "max": 0.028850559160734215,
            "count": 4
        },
        "Attack_Rod.Losses.PolicyLoss.sum": {
            "value": 0.013384894747287036,
            "min": 0.013384894747287036,
            "max": 0.028850559160734215,
            "count": 4
        },
        "Attack_Rod.Losses.ValueLoss.mean": {
            "value": 0.3381926198800405,
            "min": 0.3381926198800405,
            "max": 3.5985529820124307,
            "count": 4
        },
        "Attack_Rod.Losses.ValueLoss.sum": {
            "value": 0.3381926198800405,
            "min": 0.3381926198800405,
            "max": 3.5985529820124307,
            "count": 4
        },
        "Attack_Rod.Policy.LearningRate.mean": {
            "value": 0.0003,
            "min": 0.0003,
            "max": 0.0003,
            "count": 4
        },
        "Attack_Rod.Policy.LearningRate.sum": {
            "value": 0.0003,
            "min": 0.0003,
            "max": 0.0003,
            "count": 4
        },
        "Attack_Rod.Policy.Epsilon.mean": {
            "value": 0.18326599999999996,
            "min": 0.18326599999999996,
            "max": 0.19580600000000004,
            "count": 4
        },
        "Attack_Rod.Policy.Epsilon.sum": {
            "value": 0.18326599999999996,
            "min": 0.18326599999999996,
            "max": 0.19580600000000004,
            "count": 4
        },
        "Attack_Rod.Policy.Beta.mean": {
            "value": 0.005000000000000001,
            "min": 0.005000000000000001,
            "max": 0.005000000000000001,
            "count": 4
        },
        "Attack_Rod.Policy.Beta.sum": {
            "value": 0.005000000000000001,
            "min": 0.005000000000000001,
            "max": 0.005000000000000001,
            "count": 4
        }
    },
    "metadata": {
        "timer_format_version": "0.1.0",
        "start_time_seconds": "1669680662",
        "python_version": "3.7.7 (default, May  6 2020, 11:45:54) [MSC v.1916 64 bit (AMD64)]",
        "command_line_arguments": "C:\\Users\\meado\\anaconda3\\envs\\foosbot_env\\Scripts\\mlagents-learn config/attack_config.yaml --run-id attack_test_4",
        "mlagents_version": "0.28.0",
        "mlagents_envs_version": "0.28.0",
        "communication_protocol_version": "1.5.0",
        "pytorch_version": "1.7.1+cu110",
        "numpy_version": "1.21.5",
        "end_time_seconds": "1669681848"
    },
    "total": 1186.8914742000002,
    "count": 1,
    "self": 0.009457700000211844,
    "children": {
        "run_training.setup": {
            "total": 0.22302719999999976,
            "count": 1,
            "self": 0.22302719999999976
        },
        "TrainerController.start_learning": {
            "total": 1186.6589893,
            "count": 1,
            "self": 2.180662299997948,
            "children": {
                "TrainerController._reset_env": {
                    "total": 10.864777700000001,
                    "count": 1,
                    "self": 10.864777700000001
                },
                "TrainerController.advance": {
                    "total": 1173.479681700002,
                    "count": 104373,
                    "self": 2.3936125999712203,
                    "children": {
                        "env_step": {
                            "total": 1145.1164375000114,
                            "count": 104373,
                            "self": 892.4412774000228,
                            "children": {
                                "SubprocessEnvManager._take_step": {
                                    "total": 251.21136319998777,
                                    "count": 104373,
                                    "self": 7.297086799988563,
                                    "children": {
                                        "TorchPolicy.evaluate": {
                                            "total": 243.9142763999992,
                                            "count": 104277,
                                            "self": 132.79403080000054,
                                            "children": {
                                                "TorchPolicy.sample_actions": {
                                                    "total": 111.12024559999868,
                                                    "count": 104277,
                                                    "self": 111.12024559999868
                                                }
                                            }
                                        }
                                    }
                                },
                                "workers": {
                                    "total": 1.4637969000007889,
                                    "count": 104373,
                                    "self": 0.0,
                                    "children": {
                                        "worker_root": {
                                            "total": 1171.5205411999887,
                                            "count": 104373,
                                            "is_parallel": true,