{
    "name": "root",
    "gauges": {
        "Foosbots_MultiRod_5.Policy.Entropy.mean": {
            "value": 1.4205706119537354,
            "min": 1.4189382791519165,
            "max": 1.420588731765747,
            "count": 100
        },
        "Foosbots_MultiRod_5.Policy.Entropy.sum": {
            "value": 28411.412109375,
            "min": 27380.84765625,
            "max": 29492.06640625,
            "count": 100
        },
        "Foosbots_MultiRod_5.Step.mean": {
            "value": 999792.0,
            "min": 9747.0,
            "max": 999792.0,
            "count": 100
        },
        "Foosbots_MultiRod_5.Step.sum": {
            "value": 999792.0,
            "min": 9747.0,
            "max": 999792.0,
            "count": 100
        },
        "Foosbots_MultiRod_5.Policy.ExtrinsicValueEstimate.mean": {
            "value": -0.16969797015190125,
            "min": -2.1405887603759766,
            "max": 0.3065994679927826,
            "count": 100
        },
        "Foosbots_MultiRod_5.Policy.ExtrinsicValueEstimate.sum": {
            "value": -3.3939592838287354,
            "min": -42.81177520751953,
            "max": 6.166595458984375,
            "count": 100
        },
        "Foosbots_MultiRod_5.Environment.EpisodeLength.mean": {
            "value": 964.9047619047619,
            "min": 910.1363636363636,
            "max": 999.0,
            "count": 100
        },
        "Foosbots_MultiRod_5.Environment.EpisodeLength.sum": {
            "value": 20263.0,
            "min": 18702.0,
            "max": 20860.0,
            "count": 100
        },
        "Foosbots_MultiRod_5.Self-play.ELO.mean": {
            "value": 1232.1400785282206,
            "min": 1199.4166279058193,
            "max": 1232.1400785282206,
            "count": 100
        },
        "Foosbots_MultiRod_5.Self-play.ELO.sum": {
            "value": 12321.400785282205,
            "min": 10918.134487668669,
            "max": 14751.943825405986,
            "count": 100
        },
        "Foosbots_MultiRod_5.Environment.CumulativeReward.mean": {
            "value": 0.01872999668121338,
            "min": -0.2639545469798825,
            "max": 0.20821000065188855,
            "count": 100
        },
        "Foosbots_MultiRod_5.Environment.CumulativeReward.sum": {
            "value": 0.1872999668121338,
            "min": -2.9035000167787075,
            "max": 2.0821000065188855,
            "count": 100
        },
        "Foosbots_MultiRod_5.Policy.ExtrinsicReward.mean": {
            "value": 0.01872999668121338,
            "min": -0.2639545469798825,
            "max": 0.20821000065188855,
            "count": 100
        },
        "Foosbots_MultiRod_5.Policy.ExtrinsicReward.sum": {
            "value": 0.1872999668121338,
            "min": -2.9035000167787075,
            "max": 2.0821000065188855,
            "count": 100
        },
        "Foosbots_MultiRod_5.IsTraining.mean": {
            "value": 1.0,
            "min": 1.0,
            "max": 1.0,
            "count": 100
        },
        "Foosbots_MultiRod_5.IsTraining.sum": {
            "value": 1.0,
            "min": 1.0,
            "max": 1.0,
            "count": 100
        },
        "Foosbots_MultiRod_5.Losses.PolicyLoss.mean": {
            "value": 0.008308864402351901,
            "min": 0.008106472025004526,
            "max": 0.020899155121393658,
            "count": 19
        },
        "Foosbots_MultiRod_5.Losses.PolicyLoss.sum": {
            "value": 0.008308864402351901,
            "min": 0.008106472025004526,
            "max": 0.020899155121393658,
            "count": 19
        },
        "Foosbots_MultiRod_5.Losses.ValueLoss.mean": {
            "value": 0.0008695916544335584,
            "min": 0.0008695916544335584,
            "max": 0.244427290558815,
            "count": 19
        },
        "Foosbots_MultiRod_5.Losses.ValueLoss.sum": {
            "value": 0.0008695916544335584,
            "min": 0.0008695916544335584,
            "max": 0.244427290558815,
            "count": 19
        },
        "Foosbots_MultiRod_5.Policy.LearningRate.mean": {
            "value": 1.1104977792000007e-06,
            "min": 1.1104977792000007e-06,
            "max": 4.743870512259999e-05,
            "count": 19
        },
        "Foosbots_MultiRod_5.Policy.LearningRate.sum": {
            "value": 1.1104977792000007e-06,
            "min": 1.1104977792000007e-06,
            "max": 4.743870512259999e-05,
            "count": 19
        },
        "Foosbots_MultiRod_5.Policy.Epsilon.mean": {
            "value": 0.1022208,
            "min": 0.1022208,
            "max": 0.19487740000000006,
            "count": 19
        },
        "Foosbots_MultiRod_5.Policy.Epsilon.sum": {
            "value": 0.1022208,
            "min": 0.1022208,
            "max": 0.19487740000000006,
            "count": 19
        },
        "Foosbots_MultiRod_5.Policy.Beta.mean": {
            "value": 0.00012081792,
            "min": 0.00012081792,
            "max": 0.004744382260000002,
            "count": 19
        },
        "Foosbots_MultiRod_5.Policy.Beta.sum": {
            "value": 0.00012081792,
            "min": 0.00012081792,
            "max": 0.004744382260000002,
            "count": 19
        }
    },
    "metadata": {
        "timer_format_version": "0.1.0",
        "start_time_seconds": "1669775578",
        "python_version": "3.7.7 (default, May  6 2020, 11:45:54) [MSC v.1916 64 bit (AMD64)]",
        "command_line_arguments": "C:\\Users\\meado\\anaconda3\\envs\\foosbot_env\\Scripts\\mlagents-learn config/foosball_config.yaml --run-id foosball_test_3_2",
        "mlagents_version": "0.28.0",
        "mlagents_envs_version": "0.28.0",
        "communication_protocol_version": "1.5.0",
        "pytorch_version": "1.7.1+cu110",
        "numpy_version": "1.21.5",
        "end_time_seconds": "1669791226"
    },
    "total": 15648.7185447,
    "count": 1,
    "self": 0.009809499999391846,
    "children": {
        "run_training.setup": {
            "total": 0.2212061999999997,
            "count": 1,
            "self": 0.2212061999999997
        },
        "TrainerController.start_learning": {
            "total": 15648.487529,
            "count": 1,
            "self": 21.766698400115274,
            "children": {
                "TrainerController._reset_env": {
                    "total": 10.33352689999927,
                    "count": 10,
                    "self": 10.33352689999927
                },
                "TrainerController.advance": {
                    "total": 15616.282937599884,
                    "count": 1002233,
                    "self": 22.641072899286883,
                    "children": {
                        "env_step": {
                            "total": 15314.318076099506,
                            "count": 1002233,
                            "self": 10999.979830900755,
                            "children": {
                                "SubprocessEnvManager._take_step": {
                                    "total": 4300.61645479939,
                                    "count": 1002233,
                                    "self": 120.00460659906093,
                                    "children": {
                                        "TorchPolicy.evaluate": {
                                            "total": 4180.611848200329,
                                            "count": 2000584,
                                            "self": 2220.4811287006637,
                                            "children": {
                                                "TorchPolicy.sample_actions": {
                                                    "total": 1960.1307194996657,
                                                    "count": 2000584,