{
    "name": "root",
    "metadata": {
        "timer_format_version": "0.1.0",
        "start_time_seconds": "1669573276",
        "python_version": "3.7.7 (default, May  6 2020, 11:45:54) [MSC v.1916 64 bit (AMD64)]",
        "command_line_arguments": "C:\\Users\\meado\\anaconda3\\envs\\foosbot_env\\Scripts\\mlagents-learn config/attack_config.yaml --run-id attack_5_5",
        "mlagents_version": "0.28.0",
        "mlagents_envs_version": "0.28.0",
        "communication_protocol_version": "1.5.0",
        "pytorch_version": "1.7.1+cu110",
        "numpy_version": "1.21.5",
        "end_time_seconds": "1669573296"
    },
    "total": 19.5600698,
    "count": 1,
    "self": 0.007573099999998334,
    "children": {
        "run_training.setup": {
            "total": 0.26641950000000003,
            "count": 1,
            "self": 0.26641950000000003
        },
        "TrainerController.start_learning": {
            "total": 19.2860772,
            "count": 1,
            "self": 0.02472489999997407,
            "children": {
                "TrainerController._reset_env": {
                    "total": 8.3708146,
                    "count": 1,
                    "self": 8.3708146
                },
                "TrainerController.advance": {
                    "total": 10.78530860000003,
                    "count": 1171,
                    "self": 0.025664100000062362,
                    "children": {
                        "env_step": {
                            "total": 10.667383899999994,
                            "count": 1171,
                            "self": 8.313592600000016,
                            "children": {
                                "SubprocessEnvManager._take_step": {
                                    "total": 2.339188399999964,
                                    "count": 1171,
                                    "self": 0.07407930000000817,
                                    "children": {
                                        "TorchPolicy.evaluate": {
                                            "total": 2.2651090999999557,
                                            "count": 1171,
                                            "self": 0.8627412999999535,
                                            "children": {
                                                "TorchPolicy.sample_actions": {
                                                    "total": 1.4023678000000022,
                                                    "count": 1171,
                                                    "self": 1.4023678000000022
                                                }
                                            }
                                        }
                                    }
                                },
                                "workers": {
                                    "total": 0.014602900000014074,
                                    "count": 1170,
                                    "self": 0.0,
                                    "children": {
                                        "worker_root": {
                                            "total": 12.226757499999962,
                                            "count": 1170,
                                            "is_parallel": true,
                                            "self": 5.030569999999927,
                                            "children": {
                                                "steps_from_proto": {
                                                    "total": 0.0005134999999993894,
                                                    "count": 1,
                                                    "is_parallel": true,
                                                    "self": 0.0002114000000004168,
                                                    "children": {
                                                        "_process_rank_one_or_two_observation": {
                                                            "total": 0.00030209999999897263,
                                                            "count": 2,
                                                            "is_parallel": true,
                                                            "self": 0.00030209999999897263
                                                        }
                                                    }
                                                },
                                                "UnityEnvironment.step": {
                                                    "total": 7.195674000000036,
                                                    "count": 1170,
                                                    "is_parallel": true,
                                                    "self": 0.10328690000008578,
                                                    "children": {
                                                        "UnityEnvironment._generate_step_input": {
                                                            "total": 0.08901710000002616,
                                                            "count": 1170,
                                                            "is_parallel": true,
                                                            "self": 0.08901710000002616
                                                        },
                                                        "communicator.exchange": {
                                                            "total": 6.7452571999999495,
                                                            "count": 1170,
                                                            "is_parallel": true,
                                                            "self": 6.7452571999999495
                                                        },
                                                        "steps_from_proto": {
                                                            "total": 0.2581127999999744,
                                                            "count": 1170,
                                                            "is_parallel": true,
                                                            "self": 0.14437879999995396,
                                                            "children": {
                                                                "_process_rank_one_or_two_observation": {
                                                                    "total": 0.11373400000002043,
                                                                    "count": 2340,
                                                                    "is_parallel": true,
                                                                    "self": 0.11373400000002043
                                                                }
                                                            }
                                                        }
                                                    }
                                                }
                                            }
                                        }
                                    }
                                }
                            }
                        },
                        "trainer_advance": {
                            "total": 0.0922605999999746,
                            "count": 1170,
                            "self": 0.028019700000029957,
                            "children": {
                                "process_trajectory": {
                                    "total": 0.06424089999994465,
                                    "count": 1170,
                                    "self": 0.06424089999994465
                                }
                            }
                        }
                    }
                },