{
    "name": "root",
    "metadata": {
        "timer_format_version": "0.1.0",
        "start_time_seconds": "1669681885",
        "python_version": "3.7.7 (default, May  6 2020, 11:45:54) [MSC v.1916 64 bit (AMD64)]",
        "command_line_arguments": "C:\\Users\\meado\\anaconda3\\envs\\foosbot_env\\Scripts\\mlagents-learn config/attack_config.yaml --run-id attack_test_5",
        "mlagents_version": "0.28.0",
        "mlagents_envs_version": "0.28.0",
        "communication_protocol_version": "1.5.0",
        "pytorch_version": "1.7.1+cu110",
        "numpy_version": "1.21.5",
        "end_time_seconds": "1669681994"
    },
    "total": 108.7253794,
    "count": 1,
    "self": 0.007165699999987396,
    "children": {
        "run_training.setup": {
            "total": 0.25014080000000005,
            "count": 1,
            "self": 0.25014080000000005
        },
        "TrainerController.start_learning": {
            "total": 108.46807290000001,
            "count": 1,
            "self": 0.18944610000018258,
            "children": {
                "TrainerController._reset_env": {
                    "total": 8.8734723,
                    "count": 1,
                    "self": 8.8734723
                },
                "TrainerController.advance": {
                    "total": 99.30629999999982,
                    "count": 8840,
                    "self": 0.2036121000004414,
                    "children": {
                        "env_step": {
                            "total": 98.37868309999966,
                            "count": 8840,
                            "self": 76.28450219999954,
                            "children": {
                                "SubprocessEnvManager._take_step": {
                                    "total": 21.97609470000046,
                                    "count": 8840,
                                    "self": 0.5881291000001738,
                                    "children": {
                                        "TorchPolicy.evaluate": {
                                            "total": 21.387965600000285,
                                            "count": 8827,
                                            "self": 11.860077600000437,
                                            "children": {
                                                "TorchPolicy.sample_actions": {
                                                    "total": 9.527887999999848,
                                                    "count": 8827,
                                                    "self": 9.527887999999848
                                                }
                                            }
                                        }
                                    }
                                },
                                "workers": {
                                    "total": 0.11808619999966297,
                                    "count": 8839,
                                    "self": 0.0,
                                    "children": {
                                        "worker_root": {
                                            "total": 100.71570100000059,
                                            "count": 8839,
                                            "is_parallel": true,
                                            "self": 33.16894400000024,
                                            "children": {
                                                "steps_from_proto": {
                                                    "total": 0.000600299999999443,
                                                    "count": 1,
                                                    "is_parallel": true,
                                                    "self": 0.0002930999999986028,
                                                    "children": {
                                                        "_process_rank_one_or_two_observation": {
                                                            "total": 0.00030720000000084013,
                                                            "count": 2,
                                                            "is_parallel": true,
                                                            "self": 0.00030720000000084013
                                                        }
                                                    }
                                                },
                                                "UnityEnvironment.step": {
                                                    "total": 67.54615670000035,
                                                    "count": 8839,
                                                    "is_parallel": true,
                                                    "self": 0.7889212000001038,
                                                    "children": {
                                                        "UnityEnvironment._generate_step_input": {
                                                            "total": 0.6561085999998664,
                                                            "count": 8839,
                                                            "is_parallel": true,
                                                            "self": 0.6561085999998664
                                                        },
                                                        "communicator.exchange": {
                                                            "total": 64.06736320000063,
                                                            "count": 8839,
                                                            "is_parallel": true,
                                                            "self": 64.06736320000063
                                                        },
                                                        "steps_from_proto": {
                                                            "total": 2.033763699999751,
                                                            "count": 8839,
                                                            "is_parallel": true,
                                                            "self": 1.135052899999783,
                                                            "children": {
                                                                "_process_rank_one_or_two_observation": {
                                                                    "total": 0.898710799999968,
                                                                    "count": 17678,
                                                                    "is_parallel": true,
                                                                    "self": 0.898710799999968
                                                                }
                                                            }
                                                        }
                                                    }
                                                }
                                            }
                                        }
                                    }
                                }
                            }
                        },
                        "trainer_advance": {
                            "total": 0.7240047999997259,
                            "count": 8839,
                            "self": 0.2298616999992209,
                            "children": {
                                "process_trajectory": {
                                    "total": 0.494143100000505,
                                    "count": 8839,
                                    "self": 0.494143100000505
                                }
                            }
                        }
                    }
                },