{
    "name": "root",
    "metadata": {
        "timer_format_version": "0.1.0",
        "start_time_seconds": "1669597175",
        "python_version": "3.7.7 (default, May  6 2020, 11:45:54) [MSC v.1916 64 bit (AMD64)]",
        "command_line_arguments": "C:\\Users\\meado\\anaconda3\\envs\\foosbot_env\\Scripts\\mlagents-learn config/foosball_config.yaml --run-id selfPlay_3_7",
        "mlagents_version": "0.28.0",
        "mlagents_envs_version": "0.28.0",
        "communication_protocol_version": "1.5.0",
        "pytorch_version": "1.7.1+cu110",
        "numpy_version": "1.21.5",
        "end_time_seconds": "1669597208"
    },
    "total": 33.3455899,
    "count": 1,
    "self": 10.017173300000003,
    "children": {
        "run_training.setup": {
            "total": 0.22950399999999993,
            "count": 1,
            "self": 0.22950399999999993
        },
        "TrainerController.start_learning": {
            "total": 23.0989126,
            "count": 1,
            "self": 0.02425720000001874,
            "children": {
                "TrainerController._reset_env": {
                    "total": 8.2511781,
                    "count": 1,
                    "self": 8.2511781
                },
                "TrainerController.advance": {
                    "total": 14.729899299999982,
                    "count": 1085,
                    "self": 0.02361819999999959,
                    "children": {
                        "env_step": {
                            "total": 14.609709099999971,
                            "count": 1085,
                            "self": 10.938510299999958,
                            "children": {
                                "SubprocessEnvManager._take_step": {
                                    "total": 3.6576556999999656,
                                    "count": 1085,
                                    "self": 0.12818259999996862,
                                    "children": {
                                        "TorchPolicy.evaluate": {
                                            "total": 3.529473099999997,
                                            "count": 2164,
                                            "self": 1.3623647999999253,
                                            "children": {
                                                "TorchPolicy.sample_actions": {
                                                    "total": 2.1671083000000717,
                                                    "count": 2164,
                                                    "self": 2.1671083000000717
                                                }
                                            }
                                        }
                                    }
                                },
                                "workers": {
                                    "total": 0.013543100000047659,
                                    "count": 1084,
                                    "self": 0.0,
                                    "children": {
                                        "worker_root": {
                                            "total": 16.138984800000014,
                                            "count": 1084,
                                            "is_parallel": true,
                                            "self": 6.436630999999995,
                                            "children": {
                                                "steps_from_proto": {
                                                    "total": 0.0007483999999999824,
                                                    "count": 2,
                                                    "is_parallel": true,
                                                    "self": 0.0004220000000003665,
                                                    "children": {
                                                        "_process_rank_one_or_two_observation": {
                                                            "total": 0.0003263999999996159,
                                                            "count": 4,
                                                            "is_parallel": true,
                                                            "self": 0.0003263999999996159
                                                        }
                                                    }
                                                },
                                                "UnityEnvironment.step": {
                                                    "total": 9.701605400000018,
                                                    "count": 1084,
                                                    "is_parallel": true,
                                                    "self": 0.11884630000012208,
                                                    "children": {
                                                        "UnityEnvironment._generate_step_input": {
                                                            "total": 0.10638829999996346,
                                                            "count": 1084,
                                                            "is_parallel": true,
                                                            "self": 0.10638829999996346
                                                        },
                                                        "communicator.exchange": {
                                                            "total": 9.073879399999958,
                                                            "count": 1084,
                                                            "is_parallel": true,
                                                            "self": 9.073879399999958
                                                        },
                                                        "steps_from_proto": {
                                                            "total": 0.40249139999997396,
                                                            "count": 2168,
                                                            "is_parallel": true,
                                                            "self": 0.23939730000000203,
                                                            "children": {
                                                                "_process_rank_one_or_two_observation": {
                                                                    "total": 0.16309409999997193,
                                                                    "count": 4336,
                                                                    "is_parallel": true,
                                                                    "self": 0.16309409999997193
                                                                }
                                                            }
                                                        }
                                                    }
                                                }
                                            }
                                        }
                                    }
                                }
                            }
                        },
                        "trainer_advance": {
                            "total": 0.09657200000001076,
                            "count": 1084,
                            "self": 0.051228799999968544,
                            "children": {
                                "process_trajectory": {
                                    "total": 0.045343200000042216,
                                    "count": 1084,
                                    "self": 0.045343200000042216
                                }
                            }
                        }
                    }
                },