{
    "name": "root",
    "metadata": {
        "timer_format_version": "0.1.0",
        "start_time_seconds": "1669219506",
        "python_version": "3.7.7 (default, May  6 2020, 11:45:54) [MSC v.1916 64 bit (AMD64)]",
        "command_line_arguments": "C:\\Users\\meado\\anaconda3\\envs\\foosbot_env\\Scripts\\mlagents-learn config/foosball_config.yaml --run-id attack_1_8",
        "mlagents_version": "0.28.0",
        "mlagents_envs_version": "0.28.0",
        "communication_protocol_version": "1.5.0",
        "pytorch_version": "1.7.1+cu110",
        "numpy_version": "1.21.5",
        "end_time_seconds": "1669219613"
    },
    "total": 107.2958311,
    "count": 1,
    "self": 0.0080628000000047,
    "children": {
        "run_training.setup": {
            "total": 0.21806560000000008,
            "count": 1,
            "self": 0.21806560000000008
        },
        "TrainerController.start_learning": {
            "total": 107.0697027,
            "count": 1,
            "self": 0.06872579999993889,
            "children": {
                "TrainerController._reset_env": {
                    "total": 16.5984126,
                    "count": 1,
                    "self": 16.5984126
                },
                "TrainerController.advance": {
                    "total": 90.30389300000004,
                    "count": 3203,
                    "self": 0.06691869999991695,
                    "children": {
                        "env_step": {
                            "total": 86.35616220000011,
                            "count": 3203,
                            "self": 81.10938980000002,
                            "children": {
                                "SubprocessEnvManager._take_step": {
                                    "total": 5.207237200000012,
                                    "count": 3203,
                                    "self": 0.1400471000000998,
                                    "children": {
                                        "TorchPolicy.evaluate": {
                                            "total": 5.067190099999912,
                                            "count": 2084,
                                            "self": 2.675457299999934,
                                            "children": {
                                                "TorchPolicy.sample_actions": {
                                                    "total": 2.3917327999999785,
                                                    "count": 2084,
                                                    "self": 2.3917327999999785
                                                }
                                            }
                                        }
                                    }
                                },
                                "workers": {
                                    "total": 0.03953520000008126,
                                    "count": 3202,
                                    "self": 0.0,
                                    "children": {
                                        "worker_root": {
                                            "total": 28.226588700000182,
                                            "count": 3202,
                                            "is_parallel": true,
                                            "self": 13.498310400000294,
                                            "children": {
                                                "steps_from_proto": {
                                                    "total": 0.00036009999999997433,
                                                    "count": 1,
                                                    "is_parallel": true,
                                                    "self": 0.0001325000000012011,
                                                    "children": {
                                                        "_process_rank_one_or_two_observation": {
                                                            "total": 0.00022759999999877323,
                                                            "count": 2,
                                                            "is_parallel": true,
                                                            "self": 0.00022759999999877323
                                                        }
                                                    }
                                                },
                                                "UnityEnvironment.step": {
                                                    "total": 14.727918199999888,
                                                    "count": 3202,
                                                    "is_parallel": true,
                                                    "self": 0.29480700000031135,
                                                    "children": {
                                                        "UnityEnvironment._generate_step_input": {
                                                            "total": 0.19049509999985403,
                                                            "count": 3202,
                                                            "is_parallel": true,
                                                            "self": 0.19049509999985403
                                                        },
                                                        "communicator.exchange": {
                                                            "total": 13.549930199999928,
                                                            "count": 3202,
                                                            "is_parallel": true,
                                                            "self": 13.549930199999928
                                                        },
                                                        "steps_from_proto": {
                                                            "total": 0.6926858999997947,
                                                            "count": 3202,
                                                            "is_parallel": true,
                                                            "self": 0.38422659999973163,
                                                            "children": {
                                                                "_process_rank_one_or_two_observation": {
                                                                    "total": 0.30845930000006305,
                                                                    "count": 6404,
                                                                    "is_parallel": true,
                                                                    "self": 0.30845930000006305
                                                                }
                                                            }
                                                        }
                                                    }
                                                }
                                            }
                                        }
                                    }
                                }
                            }
                        },
                        "trainer_advance": {
                            "total": 3.880812100000007,
                            "count": 3202,
                            "self": 0.06795909999998528,
                            "children": {
                                "process_trajectory": {
                                    "total": 3.812853000000022,
                                    "count": 3202,
                                    "self": 3.812853000000022
                                }
                            }
                        }
                    }
                },