{
    "name": "root",
    "metadata": {
        "timer_format_version": "0.1.0",
        "start_time_seconds": "1669413487",
        "python_version": "3.7.7 (default, May  6 2020, 11:45:54) [MSC v.1916 64 bit (AMD64)]",
        "command_line_arguments": "C:\\Users\\meado\\anaconda3\\envs\\foosbot_env\\Scripts\\mlagents-learn config/foosball_config.yaml --run-id selfPlay_1_3",
        "mlagents_version": "0.28.0",
        "mlagents_envs_version": "0.28.0",
        "communication_protocol_version": "1.5.0",
        "pytorch_version": "1.7.1+cu110",
        "numpy_version": "1.21.5",
        "end_time_seconds": "1669413537"
    },
    "total": 50.7159215,
    "count": 1,
    "self": 0.010336700000003418,
    "children": {
        "run_training.setup": {
            "total": 0.22447980000000012,
            "count": 1,
            "self": 0.22447980000000012
        },
        "TrainerController.start_learning": {
            "total": 50.481105,
            "count": 1,
            "self": 0.044471699999974135,
            "children": {
                "TrainerController._reset_env": {
                    "total": 11.258288799999999,
                    "count": 1,
                    "self": 11.258288799999999
                },
                "TrainerController.advance": {
                    "total": 39.07952710000002,
                    "count": 2092,
                    "self": 0.04681840000009174,
                    "children": {
                        "env_step": {
                            "total": 38.709885199999896,
                            "count": 2092,
                            "self": 31.972692299999967,
                            "children": {
                                "SubprocessEnvManager._take_step": {
                                    "total": 6.710217999999994,
                                    "count": 2092,
                                    "self": 0.13724279999999744,
                                    "children": {
                                        "TorchPolicy.evaluate": {
                                            "total": 6.572975199999997,
                                            "count": 2087,
                                            "self": 4.140122500000109,
                                            "children": {
                                                "TorchPolicy.sample_actions": {
                                                    "total": 2.432852699999888,
                                                    "count": 2087,
                                                    "self": 2.432852699999888
                                                }
                                            }
                                        }
                                    }
                                },
                                "workers": {
                                    "total": 0.026974899999935076,
                                    "count": 2091,
                                    "self": 0.0,
                                    "children": {
                                        "worker_root": {
                                            "total": 32.047223700000075,
                                            "count": 2091,
                                            "is_parallel": true,
                                            "self": 10.532589099999942,
                                            "children": {
                                                "steps_from_proto": {
                                                    "total": 0.00042589999999975703,
                                                    "count": 1,
                                                    "is_parallel": true,
                                                    "self": 0.0002548999999998358,
                                                    "children": {
                                                        "_process_rank_one_or_two_observation": {
                                                            "total": 0.00017099999999992122,
                                                            "count": 2,
                                                            "is_parallel": true,
                                                            "self": 0.00017099999999992122
                                                        }
                                                    }
                                                },
                                                "UnityEnvironment.step": {
                                                    "total": 21.514208700000133,
                                                    "count": 2091,
                                                    "is_parallel": true,
                                                    "self": 0.19512399999983643,
                                                    "children": {
                                                        "UnityEnvironment._generate_step_input": {
                                                            "total": 0.198773399999979,
                                                            "count": 2091,
                                                            "is_parallel": true,
                                                            "self": 0.198773399999979
                                                        },
                                                        "communicator.exchange": {
                                                            "total": 20.630117900000176,
                                                            "count": 2091,
                                                            "is_parallel": true,
                                                            "self": 20.630117900000176
                                                        },
                                                        "steps_from_proto": {
                                                            "total": 0.4901934000001411,
                                                            "count": 2091,
                                                            "is_parallel": true,
                                                            "self": 0.2641196000002992,
                                                            "children": {
                                                                "_process_rank_one_or_two_observation": {
                                                                    "total": 0.2260737999998419,
                                                                    "count": 4182,
                                                                    "is_parallel": true,
                                                                    "self": 0.2260737999998419
                                                                }
                                                            }
                                                        }
                                                    }
                                                }
                                            }
                                        }
                                    }
                                }
                            }
                        },
                        "trainer_advance": {
                            "total": 0.32282350000003746,
                            "count": 2091,
                            "self": 0.10302669999996539,
                            "children": {
                                "process_trajectory": {
                                    "total": 0.21979680000007207,
                                    "count": 2091,
                                    "self": 0.21979680000007207
                                }
                            }
                        }
                    }
                },