{
    "name": "root",
    "metadata": {
        "timer_format_version": "0.1.0",
        "start_time_seconds": "1669413608",
        "python_version": "3.7.7 (default, May  6 2020, 11:45:54) [MSC v.1916 64 bit (AMD64)]",
        "command_line_arguments": "C:\\Users\\meado\\anaconda3\\envs\\foosbot_env\\Scripts\\mlagents-learn config/foosball_config.yaml --run-id selfPlay_1_5",
        "mlagents_version": "0.28.0",
        "mlagents_envs_version": "0.28.0",
        "communication_protocol_version": "1.5.0",
        "pytorch_version": "1.7.1+cu110",
        "numpy_version": "1.21.5",
        "end_time_seconds": "1669413645"
    },
    "total": 37.1874542,
    "count": 1,
    "self": 0.007898299999993696,
    "children": {
        "run_training.setup": {
            "total": 0.21730360000000015,
            "count": 1,
            "self": 0.21730360000000015
        },
        "TrainerController.start_learning": {
            "total": 36.9622523,
            "count": 1,
            "self": 0.06284020000008894,
            "children": {
                "TrainerController._reset_env": {
                    "total": 9.416564399999999,
                    "count": 1,
                    "self": 9.416564399999999
                },
                "TrainerController.advance": {
                    "total": 27.376997999999915,
                    "count": 2868,
                    "self": 0.06312749999993628,
                    "children": {
                        "env_step": {
                            "total": 26.999519799999923,
                            "count": 2868,
                            "self": 19.26634840000015,
                            "children": {
                                "SubprocessEnvManager._take_step": {
                                    "total": 7.696074899999905,
                                    "count": 2868,
                                    "self": 0.1877895999996646,
                                    "children": {
                                        "TorchPolicy.evaluate": {
                                            "total": 7.5082853000002405,
                                            "count": 2867,
                                            "self": 4.351783200000263,
                                            "children": {
                                                "TorchPolicy.sample_actions": {
                                                    "total": 3.1565020999999778,
                                                    "count": 2867,
                                                    "self": 3.1565020999999778
                                                }
                                            }
                                        }
                                    }
                                },
                                "workers": {
                                    "total": 0.037096499999867305,
                                    "count": 2867,
                                    "self": 0.0,
                                    "children": {
                                        "worker_root": {
                                            "total": 28.662900500000074,
                                            "count": 2867,
                                            "is_parallel": true,
                                            "self": 12.282441500000157,
                                            "children": {
                                                "steps_from_proto": {
                                                    "total": 0.0004815000000011338,
                                                    "count": 1,
                                                    "is_parallel": true,
                                                    "self": 0.00022340000000120597,
                                                    "children": {
                                                        "_process_rank_one_or_two_observation": {
                                                            "total": 0.00025809999999992783,
                                                            "count": 2,
                                                            "is_parallel": true,
                                                            "self": 0.00025809999999992783
                                                        }
                                                    }
                                                },
                                                "UnityEnvironment.step": {
                                                    "total": 16.379977499999914,
                                                    "count": 2867,
                                                    "is_parallel": true,
                                                    "self": 0.26492119999984354,
                                                    "children": {
                                                        "UnityEnvironment._generate_step_input": {
                                                            "total": 0.2698428000000579,
                                                            "count": 2867,
                                                            "is_parallel": true,
                                                            "self": 0.2698428000000579
                                                        },
                                                        "communicator.exchange": {
                                                            "total": 15.167438500000044,
                                                            "count": 2867,
                                                            "is_parallel": true,
                                                            "self": 15.167438500000044
                                                        },
                                                        "steps_from_proto": {
                                                            "total": 0.6777749999999685,
                                                            "count": 2867,
                                                            "is_parallel": true,
                                                            "self": 0.36385130000005717,
                                                            "children": {
                                                                "_process_rank_one_or_two_observation": {
                                                                    "total": 0.3139236999999113,
                                                                    "count": 5734,
                                                                    "is_parallel": true,
                                                                    "self": 0.3139236999999113
                                                                }
                                                            }
                                                        }
                                                    }
                                                }
                                            }
                                        }
                                    }
                                }
                            }
                        },
                        "trainer_advance": {
                            "total": 0.3143507000000536,
                            "count": 2867,
                            "self": 0.13978460000003778,
                            "children": {
                                "process_trajectory": {
                                    "total": 0.17456610000001582,
                                    "count": 2867,