{
    "name": "root",
    "metadata": {
        "timer_format_version": "0.1.0",
        "start_time_seconds": "1669413991",
        "python_version": "3.7.7 (default, May  6 2020, 11:45:54) [MSC v.1916 64 bit (AMD64)]",
        "command_line_arguments": "C:\\Users\\meado\\anaconda3\\envs\\foosbot_env\\Scripts\\mlagents-learn config/foosball_config.yaml --run-id selfPlay_1_7",
        "mlagents_version": "0.28.0",
        "mlagents_envs_version": "0.28.0",
        "communication_protocol_version": "1.5.0",
        "pytorch_version": "1.7.1+cu110",
        "numpy_version": "1.21.5",
        "end_time_seconds": "1669414105"
    },
    "total": 113.80804549999999,
    "count": 1,
    "self": 0.011348399999988601,
    "children": {
        "run_training.setup": {
            "total": 0.22259039999999963,
            "count": 1,
            "self": 0.22259039999999963
        },
        "TrainerController.start_learning": {
            "total": 113.5741067,
            "count": 1,
            "self": 0.18486250000007942,
            "children": {
                "TrainerController._reset_env": {
                    "total": 8.7225204,
                    "count": 1,
                    "self": 8.7225204
                },
                "TrainerController.advance": {
                    "total": 104.49699439999992,
                    "count": 8929,
                    "self": 0.19522379999874317,
                    "children": {
                        "env_step": {
                            "total": 103.45680750000032,
                            "count": 8929,
                            "self": 61.14784960000022,
                            "children": {
                                "SubprocessEnvManager._take_step": {
                                    "total": 42.19458249999981,
                                    "count": 8929,
                                    "self": 1.0583801000007895,
                                    "children": {
                                        "TorchPolicy.evaluate": {
                                            "total": 41.13620239999902,
                                            "count": 17857,
                                            "self": 24.36053899999944,
                                            "children": {
                                                "TorchPolicy.sample_actions": {
                                                    "total": 16.77566339999958,
                                                    "count": 17857,
                                                    "self": 16.77566339999958
                                                }
                                            }
                                        }
                                    }
                                },
                                "workers": {
                                    "total": 0.11437540000029145,
                                    "count": 8928,
                                    "self": 0.0,
                                    "children": {
                                        "worker_root": {
                                            "total": 105.7272199,
                                            "count": 8928,
                                            "is_parallel": true,
                                            "self": 54.748809800000025,
                                            "children": {
                                                "steps_from_proto": {
                                                    "total": 0.00041310000000027713,
                                                    "count": 2,
                                                    "is_parallel": true,
                                                    "self": 0.0002030000000008414,
                                                    "children": {
                                                        "_process_rank_one_or_two_observation": {
                                                            "total": 0.00021009999999943574,
                                                            "count": 4,
                                                            "is_parallel": true,
                                                            "self": 0.00021009999999943574
                                                        }
                                                    }
                                                },
                                                "UnityEnvironment.step": {
                                                    "total": 50.97799699999997,
                                                    "count": 8928,
                                                    "is_parallel": true,
                                                    "self": 0.9967145999989597,
                                                    "children": {
                                                        "UnityEnvironment._generate_step_input": {
                                                            "total": 0.8969028000004844,
                                                            "count": 8928,
                                                            "is_parallel": true,
                                                            "self": 0.8969028000004844
                                                        },
                                                        "communicator.exchange": {
                                                            "total": 45.89244939999993,
                                                            "count": 8928,
                                                            "is_parallel": true,
                                                            "self": 45.89244939999993
                                                        },
                                                        "steps_from_proto": {
                                                            "total": 3.1919302000005896,
                                                            "count": 17856,
                                                            "is_parallel": true,
                                                            "self": 1.8853442000012155,
                                                            "children": {
                                                                "_process_rank_one_or_two_observation": {
                                                                    "total": 1.306585999999374,
                                                                    "count": 35712,
                                                                    "is_parallel": true,
                                                                    "self": 1.306585999999374
                                                                }
                                                            }
                                                        }
                                                    }
                                                }
                                            }
                                        }
                                    }
                                }
                            }
                        },
                        "trainer_advance": {
                            "total": 0.8449631000008573,
                            "count": 8928,
                            "self": 0.49052620000085767,
                            "children": {
                                "process_trajectory": {
                                    "total": 0.3544368999999996,
                                    "count": 8928,
                                    "self": 0.3544368999999996
                                }
                            }
                        }
                    }
                },