{
    "name": "root",
    "gauges": {
        "Foosbots_MultiRod_5.Policy.Entropy.mean": {
            "value": 1.4207074642181396,
            "min": 1.4204350709915161,
            "max": 1.4207074642181396,
            "count": 50
        },
        "Foosbots_MultiRod_5.Policy.Entropy.sum": {
            "value": 28414.1484375,
            "min": 27556.861328125,
            "max": 29209.73046875,
            "count": 50
        },
        "Foosbots_MultiRod_5.Step.mean": {
            "value": 999870.0,
            "min": 509688.0,
            "max": 999870.0,
            "count": 50
        },
        "Foosbots_MultiRod_5.Step.sum": {
            "value": 999870.0,
            "min": 509688.0,
            "max": 999870.0,
            "count": 50
        },
        "Foosbots_MultiRod_5.Policy.ExtrinsicValueEstimate.mean": {
            "value": -0.04970525950193405,
            "min": -0.2807523310184479,
            "max": 0.5955971479415894,
            "count": 50
        },
        "Foosbots_MultiRod_5.Policy.ExtrinsicValueEstimate.sum": {
            "value": -0.9941052198410034,
            "min": -5.895798683166504,
            "max": 11.911943435668945,
            "count": 50
        },
        "Foosbots_MultiRod_5.Environment.EpisodeLength.mean": {
            "value": 999.0,
            "min": 872.4347826086956,
            "max": 999.0,
            "count": 50
        },
        "Foosbots_MultiRod_5.Environment.EpisodeLength.sum": {
            "value": 19980.0,
            "min": 18179.0,
            "max": 21258.0,
            "count": 50
        },
        "Foosbots_MultiRod_5.Self-play.ELO.mean": {
            "value": 1255.8985358390182,
            "min": 1228.9526261282813,
            "max": 1255.8985358390182,
            "count": 50
        },
        "Foosbots_MultiRod_5.Self-play.ELO.sum": {
            "value": 12558.985358390182,
            "min": 11256.464768357677,
            "max": 15068.865295349817,
            "count": 50
        },
        "Foosbots_MultiRod_5.Environment.CumulativeReward.mean": {
            "value": 0.03165999436751008,
            "min": -0.12841667234897614,
            "max": 0.30750908177684655,
            "count": 50
        },
        "Foosbots_MultiRod_5.Environment.CumulativeReward.sum": {
            "value": 0.3165999436751008,
            "min": -1.5410000681877136,
            "max": 3.449799940921366,
            "count": 50
        },
        "Foosbots_MultiRod_5.Policy.ExtrinsicReward.mean": {
            "value": 0.03165999436751008,
            "min": -0.12841667234897614,
            "max": 0.30750908177684655,
            "count": 50
        },
        "Foosbots_MultiRod_5.Policy.ExtrinsicReward.sum": {
            "value": 0.3165999436751008,
            "min": -1.5410000681877136,
            "max": 3.449799940921366,
            "count": 50
        },
        "Foosbots_MultiRod_5.IsTraining.mean": {
            "value": 1.0,
            "min": 1.0,
            "max": 1.0,
            "count": 50
        },
        "Foosbots_MultiRod_5.IsTraining.sum": {
            "value": 1.0,
            "min": 1.0,
            "max": 1.0,
            "count": 50
        },
        "Foosbots_MultiRod_5.Losses.PolicyLoss.mean": {
            "value": 0.013720447306210797,
            "min": 0.007293661031872034,
            "max": 0.013720447306210797,
            "count": 9
        },
        "Foosbots_MultiRod_5.Losses.PolicyLoss.sum": {
            "value": 0.013720447306210797,
            "min": 0.007293661031872034,
            "max": 0.013720447306210797,
            "count": 9
        },
        "Foosbots_MultiRod_5.Losses.ValueLoss.mean": {
            "value": 0.00258873023558408,
            "min": 0.0013571640127338469,
            "max": 0.004529102542437613,
            "count": 9
        },
        "Foosbots_MultiRod_5.Losses.ValueLoss.sum": {
            "value": 0.00258873023558408,
            "min": 0.0013571640127338469,
            "max": 0.004529102542437613,
            "count": 9
        },
        "Foosbots_MultiRod_5.Policy.LearningRate.mean": {
            "value": 1.7919464163000008e-06,
            "min": 1.7919464163000008e-06,
            "max": 2.241505517e-05,
            "count": 9
        },
        "Foosbots_MultiRod_5.Policy.LearningRate.sum": {
            "value": 1.7919464163000008e-06,
            "min": 1.7919464163000008e-06,
            "max": 2.241505517e-05,
            "count": 9
        },
        "Foosbots_MultiRod_5.Policy.Epsilon.mean": {
            "value": 0.10358370000000003,
            "min": 0.10358370000000003,
            "max": 0.14482999999999996,
            "count": 9
        },
        "Foosbots_MultiRod_5.Policy.Epsilon.sum": {
            "value": 0.10358370000000003,
            "min": 0.10358370000000003,
            "max": 0.14482999999999996,
            "count": 9
        },
        "Foosbots_MultiRod_5.Policy.Beta.mean": {
            "value": 0.00018882663,
            "min": 0.00018882663,
            "max": 0.0022470170000000013,
            "count": 9
        },
        "Foosbots_MultiRod_5.Policy.Beta.sum": {
            "value": 0.00018882663,
            "min": 0.00018882663,
            "max": 0.0022470170000000013,
            "count": 9
        }
    },
    "metadata": {
        "timer_format_version": "0.1.0",
        "start_time_seconds": "1669747478",
        "python_version": "3.7.7 (default, May  6 2020, 11:45:54) [MSC v.1916 64 bit (AMD64)]",
        "command_line_arguments": "C:\\Users\\meado\\anaconda3\\envs\\foosbot_env\\Scripts\\mlagents-learn config/foosball_config.yaml --run-id foosball_test_1 --resume",
        "mlagents_version": "0.28.0",
        "mlagents_envs_version": "0.28.0",
        "communication_protocol_version": "1.5.0",
        "pytorch_version": "1.7.1+cu110",
        "numpy_version": "1.21.5",
        "end_time_seconds": "1669755482"
    },
    "total": 8004.311802,
    "count": 1,
    "self": 0.011509100000694161,
    "children": {
        "run_training.setup": {
            "total": 0.22869610000000007,
            "count": 1,
            "self": 0.22869610000000007
        },
        "TrainerController.start_learning": {
            "total": 8004.0715967999995,
            "count": 1,
            "self": 10.801041100156908,
            "children": {
                "TrainerController._reset_env": {
                    "total": 9.286616500000566,
                    "count": 6,
                    "self": 9.286616500000566
                },
                "TrainerController.advance": {
                    "total": 7983.855175099842,
                    "count": 500979,
                    "self": 11.465328100133775,
                    "children": {
                        "env_step": {
                            "total": 7835.495948700021,
                            "count": 500979,
                            "self": 5426.433429400371,
                            "children": {
                                "SubprocessEnvManager._take_step": {
                                    "total": 2402.2084124997996,
                                    "count": 500979,
                                    "self": 63.01679399964996,
                                    "children": {
                                        "TorchPolicy.evaluate": {
                                            "total": 2339.1916185001496,
                                            "count": 999946,
                                            "self": 1285.5404314998377,
                                            "children": {
                                                "TorchPolicy.sample_actions": {
                                                    "total": 1053.651187000312,
                                                    "count": 999946,