{
    "name": "root",
    "metadata": {
        "timer_format_version": "0.1.0",
        "start_time_seconds": "1669219238",
        "python_version": "3.7.7 (default, May  6 2020, 11:45:54) [MSC v.1916 64 bit (AMD64)]",
        "command_line_arguments": "C:\\Users\\meado\\anaconda3\\envs\\foosbot_env\\Scripts\\mlagents-learn config/foosball_config.yaml --run-id attack_1_6",
        "mlagents_version": "0.28.0",
        "mlagents_envs_version": "0.28.0",
        "communication_protocol_version": "1.5.0",
        "pytorch_version": "1.7.1+cu110",
        "numpy_version": "1.21.5",
        "end_time_seconds": "1669219287"
    },
    "total": 48.5772075,
    "count": 1,
    "self": 0.2024051,
    "children": {
        "run_training.setup": {
            "total": 0.21844350000000023,
            "count": 1,
            "self": 0.21844350000000023
        },
        "TrainerController.start_learning": {
            "total": 48.1563589,
            "count": 1,
            "self": 0.08821529999984534,
            "children": {
                "TrainerController._reset_env": {
                    "total": 13.702669700000001,
                    "count": 1,
                    "self": 13.702669700000001
                },
                "TrainerController.advance": {
                    "total": 34.27770430000016,
                    "count": 3948,
                    "self": 0.08396840000020944,
                    "children": {
                        "env_step": {
                            "total": 29.821224499999907,
                            "count": 3948,
                            "self": 24.233868100000134,
                            "children": {
                                "SubprocessEnvManager._take_step": {
                                    "total": 5.53792179999996,
                                    "count": 3948,
                                    "self": 0.168126499999957,
                                    "children": {
                                        "TorchPolicy.evaluate": {
                                            "total": 5.369795300000003,
                                            "count": 2471,
                                            "self": 2.602448200000179,
                                            "children": {
                                                "TorchPolicy.sample_actions": {
                                                    "total": 2.7673470999998244,
                                                    "count": 2471,
                                                    "self": 2.7673470999998244
                                                }
                                            }
                                        }
                                    }
                                },
                                "workers": {
                                    "total": 0.049434599999813145,
                                    "count": 3947,
                                    "self": 0.0,
                                    "children": {
                                        "worker_root": {
                                            "total": 32.50089950000003,
                                            "count": 3947,
                                            "is_parallel": true,
                                            "self": 14.945297600000025,
                                            "children": {
                                                "steps_from_proto": {
                                                    "total": 0.0005174999999990604,
                                                    "count": 1,
                                                    "is_parallel": true,
                                                    "self": 0.00022399999999755948,
                                                    "children": {
                                                        "_process_rank_one_or_two_observation": {
                                                            "total": 0.0002935000000015009,
                                                            "count": 2,
                                                            "is_parallel": true,
                                                            "self": 0.0002935000000015009
                                                        }
                                                    }
                                                },
                                                "UnityEnvironment.step": {
                                                    "total": 17.555084400000005,
                                                    "count": 3947,
                                                    "is_parallel": true,
                                                    "self": 0.3674266999999318,
                                                    "children": {
                                                        "UnityEnvironment._generate_step_input": {
                                                            "total": 0.23041699999983223,
                                                            "count": 3947,
                                                            "is_parallel": true,
                                                            "self": 0.23041699999983223
                                                        },
                                                        "communicator.exchange": {
                                                            "total": 16.106580000000076,
                                                            "count": 3947,
                                                            "is_parallel": true,
                                                            "self": 16.106580000000076
                                                        },
                                                        "steps_from_proto": {
                                                            "total": 0.850660700000164,
                                                            "count": 3947,
                                                            "is_parallel": true,
                                                            "self": 0.4724566999999631,
                                                            "children": {
                                                                "_process_rank_one_or_two_observation": {
                                                                    "total": 0.37820400000020094,
                                                                    "count": 7894,
                                                                    "is_parallel": true,
                                                                    "self": 0.37820400000020094
                                                                }
                                                            }
                                                        }
                                                    }
                                                }
                                            }
                                        }
                                    }
                                }
                            }
                        },
                        "trainer_advance": {
                            "total": 4.372511400000043,
                            "count": 3947,
                            "self": 0.0926729000000357,
                            "children": {
                                "process_trajectory": {
                                    "total": 4.279838500000007,
                                    "count": 3947,
                                    "self": 4.279838500000007
                                }
                            }
                        }
                    }
                },