{
    "name": "root",
    "metadata": {
        "timer_format_version": "0.1.0",
        "start_time_seconds": "1669219033",
        "python_version": "3.7.7 (default, May  6 2020, 11:45:54) [MSC v.1916 64 bit (AMD64)]",
        "command_line_arguments": "C:\\Users\\meado\\anaconda3\\envs\\foosbot_env\\Scripts\\mlagents-learn config/foosball_config.yaml --run-id attack_1_4",
        "mlagents_version": "0.28.0",
        "mlagents_envs_version": "0.28.0",
        "communication_protocol_version": "1.5.0",
        "pytorch_version": "1.7.1+cu110",
        "numpy_version": "1.21.5",
        "end_time_seconds": "1669219099"
    },
    "total": 65.75254249999999,
    "count": 1,
    "self": 0.0073164999999875135,
    "children": {
        "run_training.setup": {
            "total": 0.25433150000000015,
            "count": 1,
            "self": 0.25433150000000015
        },
        "TrainerController.start_learning": {
            "total": 65.4908945,
            "count": 1,
            "self": 0.10920829999987802,
            "children": {
                "TrainerController._reset_env": {
                    "total": 16.3562023,
                    "count": 1,
                    "self": 16.3562023
                },
                "TrainerController.advance": {
                    "total": 48.910692100000134,
                    "count": 4808,
                    "self": 0.10291620000008095,
                    "children": {
                        "env_step": {
                            "total": 42.836988600000055,
                            "count": 4808,
                            "self": 36.59052509999974,
                            "children": {
                                "SubprocessEnvManager._take_step": {
                                    "total": 6.182656000000474,
                                    "count": 4809,
                                    "self": 0.19443900000011283,
                                    "children": {
                                        "TorchPolicy.evaluate": {
                                            "total": 5.988217000000361,
                                            "count": 2727,
                                            "self": 2.908547200000143,
                                            "children": {
                                                "TorchPolicy.sample_actions": {
                                                    "total": 3.079669800000218,
                                                    "count": 2727,
                                                    "self": 3.079669800000218
                                                }
                                            }
                                        }
                                    }
                                },
                                "workers": {
                                    "total": 0.06380749999984303,
                                    "count": 4808,
                                    "self": 0.0,
                                    "children": {
                                        "worker_root": {
                                            "total": 39.09235930000007,
                                            "count": 4808,
                                            "is_parallel": true,
                                            "self": 18.043825000000048,
                                            "children": {
                                                "steps_from_proto": {
                                                    "total": 0.0009014999999976681,
                                                    "count": 2,
                                                    "is_parallel": true,
                                                    "self": 0.00044809999999806394,
                                                    "children": {
                                                        "_process_rank_one_or_two_observation": {
                                                            "total": 0.0004533999999996041,
                                                            "count": 4,
                                                            "is_parallel": true,
                                                            "self": 0.0004533999999996041
                                                        }
                                                    }
                                                },
                                                "UnityEnvironment.step": {
                                                    "total": 21.047632800000024,
                                                    "count": 4808,
                                                    "is_parallel": true,
                                                    "self": 0.45235200000046305,
                                                    "children": {
                                                        "UnityEnvironment._generate_step_input": {
                                                            "total": 0.2740083999998486,
                                                            "count": 4808,
                                                            "is_parallel": true,
                                                            "self": 0.2740083999998486
                                                        },
                                                        "communicator.exchange": {
                                                            "total": 19.26725779999987,
                                                            "count": 4808,
                                                            "is_parallel": true,
                                                            "self": 19.26725779999987
                                                        },
                                                        "steps_from_proto": {
                                                            "total": 1.0540145999998423,
                                                            "count": 4808,
                                                            "is_parallel": true,
                                                            "self": 0.5874791999996631,
                                                            "children": {
                                                                "_process_rank_one_or_two_observation": {
                                                                    "total": 0.4665354000001791,
                                                                    "count": 9616,
                                                                    "is_parallel": true,
                                                                    "self": 0.4665354000001791
                                                                }
                                                            }
                                                        }
                                                    }
                                                }
                                            }
                                        }
                                    }
                                }
                            }
                        },
                        "trainer_advance": {
                            "total": 5.970787300000001,
                            "count": 4808,
                            "self": 0.11475630000029469,
                            "children": {
                                "process_trajectory": {
                                    "total": 5.856030999999707,
                                    "count": 4808,
                                    "self": 5.856030999999707
                                }
                            }
                        }
                    }
                },