{
    "name": "root",
    "metadata": {
        "timer_format_version": "0.1.0",
        "start_time_seconds": "1669219194",
        "python_version": "3.7.7 (default, May  6 2020, 11:45:54) [MSC v.1916 64 bit (AMD64)]",
        "command_line_arguments": "C:\\Users\\meado\\anaconda3\\envs\\foosbot_env\\Scripts\\mlagents-learn config/foosball_config.yaml --run-id attack_1_5",
        "mlagents_version": "0.28.0",
        "mlagents_envs_version": "0.28.0",
        "communication_protocol_version": "1.5.0",
        "pytorch_version": "1.7.1+cu110",
        "numpy_version": "1.21.5",
        "end_time_seconds": "1669219234"
    },
    "total": 39.5143979,
    "count": 1,
    "self": 0.007352000000004466,
    "children": {
        "run_training.setup": {
            "total": 0.23272480000000018,
            "count": 1,
            "self": 0.23272480000000018
        },
        "TrainerController.start_learning": {
            "total": 39.274321099999995,
            "count": 1,
            "self": 0.010127699999983975,
            "children": {
                "TrainerController._reset_env": {
                    "total": 14.9455606,
                    "count": 1,
                    "self": 14.9455606
                },
                "TrainerController.advance": {
                    "total": 24.223905400000014,
                    "count": 491,
                    "self": 0.010469000000046691,
                    "children": {
                        "env_step": {
                            "total": 24.180198999999952,
                            "count": 491,
                            "self": 22.990559099999942,
                            "children": {
                                "SubprocessEnvManager._take_step": {
                                    "total": 1.1835418000000004,
                                    "count": 491,
                                    "self": 0.0312715999999682,
                                    "children": {
                                        "TorchPolicy.evaluate": {
                                            "total": 1.1522702000000322,
                                            "count": 491,
                                            "self": 0.366264500000014,
                                            "children": {
                                                "TorchPolicy.sample_actions": {
                                                    "total": 0.7860057000000182,
                                                    "count": 491,
                                                    "self": 0.7860057000000182
                                                }
                                            }
                                        }
                                    }
                                },
                                "workers": {
                                    "total": 0.006098100000009765,
                                    "count": 490,
                                    "self": 0.0,
                                    "children": {
                                        "worker_root": {
                                            "total": 6.549328799999998,
                                            "count": 490,
                                            "is_parallel": true,
                                            "self": 3.1251396999999628,
                                            "children": {
                                                "steps_from_proto": {
                                                    "total": 0.0005392999999997983,
                                                    "count": 1,
                                                    "is_parallel": true,
                                                    "self": 0.00021580000000120947,
                                                    "children": {
                                                        "_process_rank_one_or_two_observation": {
                                                            "total": 0.0003234999999985888,
                                                            "count": 2,
                                                            "is_parallel": true,
                                                            "self": 0.0003234999999985888
                                                        }
                                                    }
                                                },
                                                "UnityEnvironment.step": {
                                                    "total": 3.4236498000000353,
                                                    "count": 490,
                                                    "is_parallel": true,
                                                    "self": 0.04239810000007793,
                                                    "children": {
                                                        "UnityEnvironment._generate_step_input": {
                                                            "total": 0.03506209999998511,
                                                            "count": 490,
                                                            "is_parallel": true,
                                                            "self": 0.03506209999998511
                                                        },
                                                        "communicator.exchange": {
                                                            "total": 3.239901400000024,
                                                            "count": 490,
                                                            "is_parallel": true,
                                                            "self": 3.239901400000024
                                                        },
                                                        "steps_from_proto": {
                                                            "total": 0.10628819999994832,
                                                            "count": 490,
                                                            "is_parallel": true,
                                                            "self": 0.058669700000011815,
                                                            "children": {
                                                                "_process_rank_one_or_two_observation": {
                                                                    "total": 0.0476184999999365,
                                                                    "count": 980,
                                                                    "is_parallel": true,
                                                                    "self": 0.0476184999999365
                                                                }
                                                            }
                                                        }
                                                    }
                                                }
                                            }
                                        }
                                    }
                                }
                            }
                        },
                        "trainer_advance": {
                            "total": 0.03323740000001507,
                            "count": 490,
                            "self": 0.010717500000051672,
                            "children": {
                                "process_trajectory": {
                                    "total": 0.0225198999999634,
                                    "count": 490,
                                    "self": 0.0225198999999634
                                }
                            }
                        }
                    }
                },